OACI,Aeropuerto,Latitud,Longitud,Fecha,METAR,FECHA_HORA_REPORTE
SKBO,Bogotá / El Dorado,4.70306,-74.13833,08-04-2026 05:04:00,SKBO 080500Z 03004KT 9999 SCT050 13/12 Q1028 NOSIG =,2026-04-08 05:04:00
SKBO,Bogotá / El Dorado,4.70306,-74.13833,08-04-2026 06:04:00,SKBO 080600Z 04003KT 9999 VCSH FEW020 SCT040 BKN070 13/12 Q1028 TEMPO 7000 DZ RMK VCSH / E =,2026-04-08 06:04:00
SKBO,Bogotá / El Dorado,4.70306,-74.13833,08-04-2026 06:04:00,SKBO 080609Z VRB01KT 8000 DZ BKN020 13/13 Q1027 NOSIG =,2026-04-08 06:04:00
SKBO,Bogotá / El Dorado,4.70306,-74.13833,08-04-2026 07:04:00,SKBO 080700Z 15004KT 120V200 7000 3000NW RA FEW012 BKN020 13/13 Q1027 NOSIG =,2026-04-08 07:04:00
SKBO,Bogotá / El Dorado,4.70306,-74.13833,08-04-2026 07:04:00,SKBO 080716Z VRB02KT 9999 VCSH FEW010 SCT030 13/13 Q1027 RERA NOSIG RMK VCSH/S/W =,2026-04-08 07:04:00
SKBO,Bogotá / El Dorado,4.70306,-74.13833,08-04-2026 08:04:00,SKBO 080800Z VRB02KT 9999 FEW008 SCT020 12/12 Q1026 RERA NOSIG =,2026-04-08 08:04:00
SKBO,Bogotá / El Dorado,4.70306,-74.13833,08-04-2026 09:04:00,SKBO 080900Z VRB02KT 9999 FEW009 BKN020 12/12 Q1027 NOSIG =,2026-04-08 09:04:00
SKBO,Bogotá / El Dorado,4.70306,-74.13833,08-04-2026 10:04:00,SKBO 081000Z VRB02KT 9999 FEW020 SCT080 12/12 Q1027 NOSIG =,2026-04-08 10:04:00
SKBO,Bogotá / El Dorado,4.70306,-74.13833,08-04-2026 10:04:00,SKBO 081031Z 04004KT 9999 SCT020 SCT040 12/12 Q1027 NOSIG =,2026-04-08 10:04:00
SKBO,Bogotá / El Dorado,4.70306,-74.13833,08-04-2026 11:04:00,SKBO 081100Z 06003KT 040V100 9999 BKN030 12/12 Q1028 NOSIG =,2026-04-08 11:04:00
SKBO,Bogotá / El Dorado,4.70306,-74.13833,08-04-2026 12:04:00,SKBO 081200Z 06003KT 040V100 9999 FEW020 BKN050 13/12 Q1028 NOSIG =,2026-04-08 12:04:00
SKBO,Bogotá / El Dorado,4.70306,-74.13833,08-04-2026 13:04:00,SKBO 081300Z 06007KT 040V110 9999 FEW020 SCT050 14/12 Q1029 NOSIG =,2026-04-08 13:04:00
SKBO,Bogotá / El Dorado,4.70306,-74.13833,08-04-2026 14:04:00,SKBO 081400Z 05006KT 020V080 9999 FEW015 SCT040 16/13 Q1029 NOSIG =,2026-04-08 14:04:00
SKBO,Bogotá / El Dorado,4.70306,-74.13833,08-04-2026 14:04:00,SKBO 081437Z 11005KT 050V180 9999 FEW015 SCT040 18/12 Q1028 NOSIG =,2026-04-08 14:04:00
SKBO,Bogotá / El Dorado,4.70306,-74.13833,08-04-2026 15:04:00,SKBO 081500Z 11007KT 060V150 9999 BKN040 18/11 Q1028 NOSIG =,2026-04-08 15:04:00
SKBO,Bogotá / El Dorado,4.70306,-74.13833,08-04-2026 16:04:00,SKBO 081600Z 12010KT 040V160 9999 FEW030 BKN060 19/11 Q1028 NOSIG =,2026-04-08 16:04:00
SKBO,Bogotá / El Dorado,4.70306,-74.13833,08-04-2026 17:04:00,SKBO 081700Z 13010KT 080V150 9999 VCSH FEW020 BKN050 19/11 Q1028 NOSIG RMK VCSH/E =,2026-04-08 17:04:00
SKBO,Bogotá / El Dorado,4.70306,-74.13833,08-04-2026 18:04:00,SKBO 081800Z 14008KT 040V190 9999 FEW020TCU SCT042 BKN054 19/12 Q1027 NOSIG RMK TCUE =,2026-04-08 18:04:00
SKBO,Bogotá / El Dorado,4.70306,-74.13833,08-04-2026 19:04:00,SKBO 081900Z 11008KT 9999 FEW025TCU BKN042 OVC054 19/11 Q1026 NOSIG RMK TCUW =,2026-04-08 19:04:00
SKBO,Bogotá / El Dorado,4.70306,-74.13833,08-04-2026 20:04:00,SKBO 082000Z 10006KT 030V150 9999 SCT025TCU BKN042 19/11 Q1025 NOSIG RMK TCUN =,2026-04-08 20:04:00
SKBO,Bogotá / El Dorado,4.70306,-74.13833,08-04-2026 21:04:00,SKBO 082100Z 09007KT 040V150 9999 SCT020TCU BKN042 19/10 Q1024 NOSIG RMK TCUW/NW =,2026-04-08 21:04:00
SKBO,Bogotá / El Dorado,4.70306,-74.13833,08-04-2026 22:04:00,SKBO 082200Z 13006KT 090V160 9999 FEW030TCU BKN051 19/10 Q1024 NOSIG RMK TCUNW =,2026-04-08 22:04:00
SKBO,Bogotá / El Dorado,4.70306,-74.13833,08-04-2026 23:04:00,SKBO 082300Z 14007KT 9999 FEW025TCU BKN044 18/10 Q1025 NOSIG RMK TCUN =,2026-04-08 23:04:00
SKBO,Bogotá / El Dorado,4.70306,-74.13833,09-04-2026 00:04:00,SKBO 090000Z 13005KT 050V200 9999 FEW035 SCT045 17/10 Q1026 NOSIG =,2026-04-09 00:04:00
SKBO,Bogotá / El Dorado,4.70306,-74.13833,09-04-2026 01:04:00,SKBO 090100Z 03004KT 9999 FEW040 14/11 Q1027 NOSIG =,2026-04-09 01:04:00
SKBO,Bogotá / El Dorado,4.70306,-74.13833,09-04-2026 02:04:00,SKBO 090200Z 08004KT 030V180 9999 FEW030 SCT060 16/12 Q1028 NOSIG =,2026-04-09 02:04:00
SKBO,Bogotá / El Dorado,4.70306,-74.13833,09-04-2026 03:04:00,SKBO 090300Z 07004KT 9999 FEW040 12/11 Q1028 NOSIG =,2026-04-09 03:04:00
SKBO,Bogotá / El Dorado,4.70306,-74.13833,09-04-2026 04:04:00,SKBO 090400Z 02003KT 9999 FEW030 12/11 Q1029 NOSIG =,2026-04-09 04:04:00
SKBO,Bogotá / El Dorado,4.70306,-74.13833,09-04-2026 05:04:00,SKBO 090500Z 07004KT 9999 FEW020 11/11 Q1028 NOSIG =,2026-04-09 05:04:00
SKBO,Bogotá / El Dorado,4.70306,-74.13833,09-04-2026 06:04:00,SKBO 090600Z 05003KT 9999 SCT060 11/11 Q1028 NOSIG =,2026-04-09 06:04:00
SKBO,Bogotá / El Dorado,4.70306,-74.13833,09-04-2026 07:04:00,SKBO 090700Z VRB02KT 9999 SCT030 BKN080 12/11 Q1027 NOSIG =,2026-04-09 07:04:00
SKBO,Bogotá / El Dorado,4.70306,-74.13833,09-04-2026 08:04:00,SKBO 090800Z 03003KT 360V060 9999 FEW040 BKN050 11/11 Q1027 NOSIG =,2026-04-09 08:04:00
SKBO,Bogotá / El Dorado,4.70306,-74.13833,09-04-2026 09:04:00,SKBO 090900Z 03003KT 9999 SCT045 BKN070 11/11 Q1027 NOSIG =,2026-04-09 09:04:00
SKBO,Bogotá / El Dorado,4.70306,-74.13833,09-04-2026 10:04:00,SKBO 091000Z 02004KT 9999 FEW002 SCT050 11/11 Q1027 NOSIG =,2026-04-09 10:04:00
SKBO,Bogotá / El Dorado,4.70306,-74.13833,09-04-2026 10:04:00,SKBO 091034Z 06004KT 9999 SCT045 BKN050 11/11 Q1027 NOSIG =,2026-04-09 10:04:00
SKBO,Bogotá / El Dorado,4.70306,-74.13833,09-04-2026 11:04:00,SKBO 091100Z 05005KT 9999 MIFG SCT040 OVC050 12/12 Q1027 NOSIG =,2026-04-09 11:04:00
SKBO,Bogotá / El Dorado,4.70306,-74.13833,09-04-2026 12:04:00,SKBO 091200Z 04004KT 9999 FEW020 BKN040 13/12 Q1028 NOSIG =,2026-04-09 12:04:00
SKBO,Bogotá / El Dorado,4.70306,-74.13833,09-04-2026 13:04:00,SKBO 091300Z 07003KT 030V120 9999 BKN030 15/12 Q1029 NOSIG =,2026-04-09 13:04:00
SKBO,Bogotá / El Dorado,4.70306,-74.13833,09-04-2026 14:04:00,SKBO 091400Z 12007KT 070V160 9999 BKN030 17/11 Q1029 NOSIG =,2026-04-09 14:04:00
SKBO,Bogotá / El Dorado,4.70306,-74.13833,09-04-2026 14:04:00,SKBO 091427Z 16014G25KT 110V180 9999 BKN030 17/10 Q1029 NOSIG =,2026-04-09 14:04:00
SKBO,Bogotá / El Dorado,4.70306,-74.13833,09-04-2026 15:04:00,SKBO 091500Z 15017KT 9999 BKN030 18/10 Q1029 NOSIG =,2026-04-09 15:04:00
SKBO,Bogotá / El Dorado,4.70306,-74.13833,09-04-2026 16:04:00,SKBO 091600Z 18015KT 9999 FEW020 BKN040 17/10 Q1029 NOSIG =,2026-04-09 16:04:00
SKBO,Bogotá / El Dorado,4.70306,-74.13833,09-04-2026 17:04:00,SKBO 091700Z 15011KT 130V190 9999 VCSH FEW020 BKN040 17/10 Q1029 NOSIG RMK VCSH/NE =,2026-04-09 17:04:00
SKBO,Bogotá / El Dorado,4.70306,-74.13833,09-04-2026 18:04:00,SKBO 091800Z 17011KT 140V200 9999 VCSH SCT035 BKN060 18/10 Q1028 NOSIG RMK VCSH/N =,2026-04-09 18:04:00
SKBO,Bogotá / El Dorado,4.70306,-74.13833,09-04-2026 19:04:00,SKBO 091900Z 17011KT 9999 SCT035 BKN060 17/10 Q1027 NOSIG =,2026-04-09 19:04:00
SKBO,Bogotá / El Dorado,4.70306,-74.13833,09-04-2026 20:04:00,SKBO 092000Z 16008KT 120V230 9999 SCT035 BKN060 18/11 Q1026 NOSIG =,2026-04-09 20:04:00
SKBO,Bogotá / El Dorado,4.70306,-74.13833,09-04-2026 21:04:00,SKBO 092100Z 16010KT 130V200 9999 SCT030 BKN060 18/10 Q1025 NOSIG =,2026-04-09 21:04:00
SKBO,Bogotá / El Dorado,4.70306,-74.13833,09-04-2026 22:04:00,SKBO 092200Z 14008KT 090V170 9999 FEW030 SCT060 18/10 Q1025 NOSIG =,2026-04-09 22:04:00
SKBO,Bogotá / El Dorado,4.70306,-74.13833,09-04-2026 23:04:00,SKBO 092300Z 14008KT 9999 SCT040 17/09 Q1025 NOSIG =,2026-04-09 23:04:00
SKBO,Bogotá / El Dorado,4.70306,-74.13833,10-04-2026 00:04:00,SKBO 100000Z 11006KT 070V140 9999 FEW010 16/10 Q1026 NOSIG =,2026-04-10 00:04:00
SKBO,Bogotá / El Dorado,4.70306,-74.13833,10-04-2026 01:04:00,SKBO 100100Z 10004KT 040V140 9999 FEW010 15/10 Q1027 NOSIG =,2026-04-10 01:04:00
SKBO,Bogotá / El Dorado,4.70306,-74.13833,10-04-2026 02:04:00,SKBO 100200Z 09004KT 040V140 9999 FEW020 14/11 Q1028 NOSIG =,2026-04-10 02:04:00
SKBO,Bogotá / El Dorado,4.70306,-74.13833,10-04-2026 03:04:00,SKBO 100300Z 08004KT 030V140 9999 FEW015 SCT050 14/10 Q1028 NOSIG =,2026-04-10 03:04:00
SKBO,Bogotá / El Dorado,4.70306,-74.13833,10-04-2026 04:04:00,SKBO 100400Z 09004KT 020V160 9999 FEW015 BKN050 14/10 Q1028 NOSIG =,2026-04-10 04:04:00
SKBO,Bogotá / El Dorado,4.70306,-74.13833,10-04-2026 05:04:00,SKBO 100500Z 06005KT 9999 FEW015 BKN050 12/11 Q1028 NOSIG =,2026-04-10 05:04:00
SKBO,Bogotá / El Dorado,4.70306,-74.13833,10-04-2026 06:04:00,SKBO 100600Z VRB01KT 9999 BKN040 OVC055 13/12 Q1027 NOSIG =,2026-04-10 06:04:00
SKBO,Bogotá / El Dorado,4.70306,-74.13833,10-04-2026 07:04:00,SKBO 100700Z VRB02KT 9999 FEW020 BKN050 13/12 Q1027 NOSIG =,2026-04-10 07:04:00
SKBO,Bogotá / El Dorado,4.70306,-74.13833,10-04-2026 08:04:00,SKBO 100800Z VRB01KT 9999 FEW035 BKN050 12/12 Q1027 NOSIG =,2026-04-10 08:04:00
SKBO,Bogotá / El Dorado,4.70306,-74.13833,10-04-2026 09:04:00,SKBO 100900Z 05005KT 9999 FEW020 BKN055 12/12 Q1026 NOSIG =,2026-04-10 09:04:00
SKBO,Bogotá / El Dorado,4.70306,-74.13833,10-04-2026 10:04:00,SKBO 101000Z 07004KT 050V190 9999 FEW010 BKN050 13/12 Q1026 NOSIG =,2026-04-10 10:04:00
SKBO,Bogotá / El Dorado,4.70306,-74.13833,10-04-2026 10:04:00,SKBO 101034Z 09005KT 040V140 9999 FEW010 SCT045 14/11 Q1026 NOSIG =,2026-04-10 10:04:00
SKBO,Bogotá / El Dorado,4.70306,-74.13833,10-04-2026 11:04:00,SKBO 101100Z 08005KT 010V130 9999 FEW015 SCT045 14/11 Q1027 NOSIG =,2026-04-10 11:04:00
SKBO,Bogotá / El Dorado,4.70306,-74.13833,10-04-2026 12:04:00,SKBO 101200Z 08004KT 030V140 9999 FEW030 13/11 Q1027 NOSIG =,2026-04-10 12:04:00
SKBO,Bogotá / El Dorado,4.70306,-74.13833,10-04-2026 12:04:00,SKBO 101210Z VRB04KT 9999 SCT035 15/11 Q1027 NOSIG =,2026-04-10 12:04:00
SKBO,Bogotá / El Dorado,4.70306,-74.13833,10-04-2026 13:04:00,SKBO 101300Z 07006KT 040V140 9999 FEW035 SCT045 15/12 Q1028 NOSIG =,2026-04-10 13:04:00
SKBO,Bogotá / El Dorado,4.70306,-74.13833,10-04-2026 14:04:00,SKBO 101400Z 12007KT 070V170 9999 FEW035 BKN045 17/11 Q1029 NOSIG =,2026-04-10 14:04:00
SKBO,Bogotá / El Dorado,4.70306,-74.13833,10-04-2026 15:04:00,SKBO 101500Z 13008KT 090V160 9999 SCT035 18/11 Q1028 NOSIG =,2026-04-10 15:04:00
SKBO,Bogotá / El Dorado,4.70306,-74.13833,10-04-2026 15:04:00,SKBO 101523Z 12008G18KT 060V160 9999 SCT035 20/11 Q1028 WS R14R NOSIG =,2026-04-10 15:04:00
SKBO,Bogotá / El Dorado,4.70306,-74.13833,10-04-2026 16:04:00,SKBO 101600Z 13013KT 9999 BKN040 18/10 Q1028 NOSIG =,2026-04-10 16:04:00
SKBO,Bogotá / El Dorado,4.70306,-74.13833,10-04-2026 17:04:00,SKBO 101700Z 12009KT 090V160 9999 BKN045 19/10 Q1027 NOSIG =,2026-04-10 17:04:00
SKBO,Bogotá / El Dorado,4.70306,-74.13833,10-04-2026 18:04:00,SKBO 101800Z 13009KT 060V170 9999 BKN039 BKN055 20/10 Q1026 NOSIG =,2026-04-10 18:04:00
SKBO,Bogotá / El Dorado,4.70306,-74.13833,10-04-2026 19:04:00,SKBO 101900Z 14009KT 9999 VCSH FEW038 BKN053 18/10 Q1026 NOSIG RMK VCSH/SE =,2026-04-10 19:04:00
SKBO,Bogotá / El Dorado,4.70306,-74.13833,10-04-2026 19:04:00,SKBO 101926Z 16011KT 140V210 9999 VCSH SCT037 SCT045 20/11 Q1025 NOSIG RMK VCSH/SE =,2026-04-10 19:04:00
SKBO,Bogotá / El Dorado,4.70306,-74.13833,10-04-2026 20:04:00,SKBO 102000Z 15010KT 100V200 9999 VCSH SCT040 BKN075 19/10 Q1024 NOSIG RMK VCSH/SE =,2026-04-10 20:04:00
SKBO,Bogotá / El Dorado,4.70306,-74.13833,10-04-2026 21:04:00,SKBO 102100Z 15004KT 100V200 9999 VCSH BKN030TCU BKN045 19/10 Q1024 TEMPO DZ RMK VCSH/E/SE =,2026-04-10 21:04:00
SKBO,Bogotá / El Dorado,4.70306,-74.13833,10-04-2026 21:04:00,SKBO 102105Z 12006KT 090V160 9999 DZ BKN038TCU OVC045 19/10 Q1024 NOSIG =,2026-04-10 21:04:00
SKBO,Bogotá / El Dorado,4.70306,-74.13833,10-04-2026 21:04:00,SKBO 102121Z 14008KT 080V160 9999 VCSH BKN035 OVC060 18/10 Q1024 REDZ TEMPO DZ RMK VCSH/SW =,2026-04-10 21:04:00
SKBO,Bogotá / El Dorado,4.70306,-74.13833,10-04-2026 22:04:00,SKBO 102200Z 13006KT 040V160 9999 VCSH SCT034 BKN060 18/10 Q1024 NOSIG RMK VCSH/SE/NW =,2026-04-10 22:04:00
SKBO,Bogotá / El Dorado,4.70306,-74.13833,10-04-2026 22:04:00,SKBO 102241Z 17010KT 9999 4900SE DZ BKN035 BKN050 17/10 Q1025 TEMPO RA =,2026-04-10 22:04:00
SKBO,Bogotá / El Dorado,4.70306,-74.13833,10-04-2026 23:04:00,SKBO 102300Z 18010KT 9000 4000SE RA BKN032 OVC050 17/10 Q1025 BECMG FM0000 9999 NSW =,2026-04-10 23:04:00
SKBO,Bogotá / El Dorado,4.70306,-74.13833,10-04-2026 23:04:00,SKBO 102326Z 13006KT 7000 -SHRA BKN030TCU OVC050 14/13 Q1026 TEMPO 9999 DZ=,2026-04-10 23:04:00
SKBO,Bogotá / El Dorado,4.70306,-74.13833,10-04-2026 23:04:00,SKBO 102334Z 10005KT 060V150 8000 3900E -SHRA BKN030 OVC050 14/13 Q1026 NOSIG =,2026-04-10 23:04:00
SKBO,Bogotá / El Dorado,4.70306,-74.13833,11-04-2026 00:04:00,SKBO 110000Z 07009KT 030V120 7000 -SHRA BKN020 OVC040 14/13 Q1027 TEMPO 9999 DZ RMK BR =,2026-04-11 00:04:00
SKBO,Bogotá / El Dorado,4.70306,-74.13833,11-04-2026 00:04:00,SKBO 110021Z 08004KT 030V160 9000 VCSH FEW020 SCT035 OVC055 13/12 Q1028 RESHRA NOSIG RMK VCSH / W =,2026-04-11 00:04:00
SKBO,Bogotá / El Dorado,4.70306,-74.13833,11-04-2026 01:04:00,SKBO 110100Z 04005KT 9999 VCSH SCT030 BKN060 13/12 Q1028 NOSIG RMK VCSH/E =,2026-04-11 01:04:00
SKBO,Bogotá / El Dorado,4.70306,-74.13833,11-04-2026 02:04:00,SKBO 110200Z 06005KT 9999 FEW030 BKN075 13/11 Q1028 NOSIG =,2026-04-11 02:04:00
SKBO,Bogotá / El Dorado,4.70306,-74.13833,11-04-2026 03:04:00,SKBO 110300Z 11004KT 040V140 9999 FEW040 SCT075 14/10 Q1028 NOSIG =,2026-04-11 03:04:00
SKBO,Bogotá / El Dorado,4.70306,-74.13833,11-04-2026 04:04:00,SKBO 110400Z 07004KT 030V140 9999 SCT030 OVC070 13/10 Q1029 NOSIG =,2026-04-11 04:04:00
SKBO,Bogotá / El Dorado,4.70306,-74.13833,11-04-2026 05:04:00,SKBO 110500Z 05005KT 9999 FEW030 BKN060 13/10 Q1029 NOSIG =,2026-04-11 05:04:00
SKBO,Bogotá / El Dorado,4.70306,-74.13833,11-04-2026 06:04:00,SKBO 110600Z 07005KT 9999 SCT040 BKN080 12/10 Q1028 NOSIG =,2026-04-11 06:04:00
SKBO,Bogotá / El Dorado,4.70306,-74.13833,11-04-2026 07:04:00,SKBO 110700Z 06005KT 9999 SCT050 BKN100 11/10 Q1027 NOSIG =,2026-04-11 07:04:00
SKBO,Bogotá / El Dorado,4.70306,-74.13833,11-04-2026 08:04:00,SKBO 110800Z 05005KT 9999 SCT040 12/10 Q1027 NOSIG =,2026-04-11 08:04:00
SKBO,Bogotá / El Dorado,4.70306,-74.13833,11-04-2026 09:04:00,SKBO 110900Z 04006KT 9999 SCT040 BKN110 11/10 Q1027 NOSIG =,2026-04-11 09:04:00
SKBO,Bogotá / El Dorado,4.70306,-74.13833,11-04-2026 10:04:00,SKBO 111000Z 06005KT 9999 FEW010 BKN040 11/10 Q1027 NOSIG =,2026-04-11 10:04:00
SKBO,Bogotá / El Dorado,4.70306,-74.13833,11-04-2026 10:04:00,SKBO 111031Z 06005KT 9999 FEW020 SCT050 11/10 Q1027 NOSIG =,2026-04-11 10:04:00
SKBO,Bogotá / El Dorado,4.70306,-74.13833,11-04-2026 11:04:00,SKBO 111100Z 05005KT 9999 SCT035 BKN060 11/10 Q1027 NOSIG =,2026-04-11 11:04:00
SKBO,Bogotá / El Dorado,4.70306,-74.13833,11-04-2026 12:04:00,SKBO 111200Z 06005KT 9999 SCT040 OVC060 12/10 Q1028 NOSIG =,2026-04-11 12:04:00
SKBO,Bogotá / El Dorado,4.70306,-74.13833,11-04-2026 13:04:00,SKBO 111300Z 07005KT 040V130 9999 FEW040 BKN070 14/11 Q1029 NOSIG =,2026-04-11 13:04:00
SKBO,Bogotá / El Dorado,4.70306,-74.13833,11-04-2026 13:04:00,SKBO 111313Z 06009KT 040V130 9999 FEW040 BKN070 16/11 Q1029 NOSIG =,2026-04-11 13:04:00
SKBO,Bogotá / El Dorado,4.70306,-74.13833,11-04-2026 14:04:00,SKBO 111400Z VRB07KT 9999 FEW040 OVC070 17/11 Q1029 NOSIG =,2026-04-11 14:04:00
SKBO,Bogotá / El Dorado,4.70306,-74.13833,11-04-2026 15:04:00,SKBO 111500Z VRB07KT 9999 FEW035 BKN050 17/10 Q1029 NOSIG =,2026-04-11 15:04:00
SKBO,Bogotá / El Dorado,4.70306,-74.13833,11-04-2026 16:04:00,SKBO 111600Z 12009KT 080V150 9999 SCT040 BKN055 18/09 Q1028 NOSIG =,2026-04-11 16:04:00
SKBO,Bogotá / El Dorado,4.70306,-74.13833,11-04-2026 17:04:00,SKBO 111700Z 12008KT 090V150 9999 SCT030 BKN050 17/09 Q1028 NOSIG =,2026-04-11 17:04:00
SKBO,Bogotá / El Dorado,4.70306,-74.13833,11-04-2026 18:04:00,SKBO 111800Z 11008KT 060V140 9999 SCT030 BKN050 17/09 Q1027 NOSIG =,2026-04-11 18:04:00
SKBO,Bogotá / El Dorado,4.70306,-74.13833,11-04-2026 19:04:00,SKBO 111900Z 12010KT 080V160 9999 FEW025 SCT050 BKN070 18/10 Q1026 NOSIG =,2026-04-11 19:04:00
SKBO,Bogotá / El Dorado,4.70306,-74.13833,11-04-2026 20:04:00,SKBO 112000Z 14008KT 100V170 9999 FEW020 SCT060 19/10 Q1025 NOSIG =,2026-04-11 20:04:00
SKBO,Bogotá / El Dorado,4.70306,-74.13833,11-04-2026 21:04:00,SKBO 112100Z 16009KT 130V210 9999 FEW042 BKN055 19/10 Q1024 NOSIG =,2026-04-11 21:04:00
SKBO,Bogotá / El Dorado,4.70306,-74.13833,11-04-2026 22:04:00,SKBO 112200Z 19006KT 140V230 9999 FEW030 BKN060 18/10 Q1024 NOSIG =,2026-04-11 22:04:00
SKBO,Bogotá / El Dorado,4.70306,-74.13833,11-04-2026 23:04:00,SKBO 112300Z 14006KT 9999 FEW025 SCT060 17/10 Q1024 NOSIG =,2026-04-11 23:04:00
SKBO,Bogotá / El Dorado,4.70306,-74.13833,12-04-2026 00:04:00,SKBO 120000Z 10003KT 030V150 9999 SCT035 BKN060 17/10 Q1026 NOSIG =,2026-04-12 00:04:00
SKBO,Bogotá / El Dorado,4.70306,-74.13833,12-04-2026 01:04:00,SKBO 120100Z 24006KT 170V260 9999 SCT045 15/11 Q1027 NOSIG =,2026-04-12 01:04:00
SKBO,Bogotá / El Dorado,4.70306,-74.13833,12-04-2026 02:04:00,SKBO 120200Z VRB03KT 9999 FEW030 BKN060 14/12 Q1028 NOSIG =,2026-04-12 02:04:00
SKBO,Bogotá / El Dorado,4.70306,-74.13833,12-04-2026 03:04:00,SKBO 120300Z 03003KT 010V160 9999 FEW030 BKN055 12/12 Q1028 NOSIG =,2026-04-12 03:04:00
SKBO,Bogotá / El Dorado,4.70306,-74.13833,12-04-2026 04:04:00,SKBO 120400Z VRB02KT 9999 FEW035 BKN050 13/11 Q1029 NOSIG =,2026-04-12 04:04:00
SKBO,Bogotá / El Dorado,4.70306,-74.13833,12-04-2026 05:04:00,SKBO 120500Z 12005KT 080V160 9999 FEW030 BKN050 15/10 Q1028 NOSIG =,2026-04-12 05:04:00
SKBO,Bogotá / El Dorado,4.70306,-74.13833,12-04-2026 06:04:00,SKBO 120600Z 02003KT 9999 FEW030 12/11 Q1028 NOSIG =,2026-04-12 06:04:00
SKBO,Bogotá / El Dorado,4.70306,-74.13833,12-04-2026 07:04:00,SKBO 120700Z 02003KT 340V050 9999 SCT040 11/11 Q1027 NOSIG =,2026-04-12 07:04:00
SKBO,Bogotá / El Dorado,4.70306,-74.13833,12-04-2026 08:04:00,SKBO 120800Z VRB02KT 9999 BKN040 12/11 Q1026 NOSIG =,2026-04-12 08:04:00
SKBO,Bogotá / El Dorado,4.70306,-74.13833,12-04-2026 09:04:00,SKBO 120900Z 02004KT 9999 BKN035 12/11 Q1026 NOSIG =,2026-04-12 09:04:00
SKBO,Bogotá / El Dorado,4.70306,-74.13833,12-04-2026 10:04:00,SKBO 121000Z 05004KT 9999 BKN035 12/11 Q1027 NOSIG =,2026-04-12 10:04:00
SKBO,Bogotá / El Dorado,4.70306,-74.13833,12-04-2026 11:04:00,SKBO 121100Z 02002KT 9999 FEW035 BKN055 12/11 Q1027 NOSIG =,2026-04-12 11:04:00
SKBO,Bogotá / El Dorado,4.70306,-74.13833,12-04-2026 12:04:00,SKBO 121200Z 06005KT 9999 FEW033 13/11 Q1028 NOSIG =,2026-04-12 12:04:00
SKBO,Bogotá / El Dorado,4.70306,-74.13833,12-04-2026 12:04:00,SKBO 121241Z 07005KT 010V130 9999 FEW033 15/11 Q1028 NOSIG =,2026-04-12 12:04:00
SKBO,Bogotá / El Dorado,4.70306,-74.13833,12-04-2026 13:04:00,SKBO 121300Z 07006KT 040V100 9999 FEW033 15/11 Q1029 NOSIG =,2026-04-12 13:04:00
SKBO,Bogotá / El Dorado,4.70306,-74.13833,12-04-2026 14:04:00,SKBO 121400Z 14010KT 080V170 9999 FEW040 18/09 Q1029 NOSIG =,2026-04-12 14:04:00
SKBO,Bogotá / El Dorado,4.70306,-74.13833,12-04-2026 15:04:00,SKBO 121500Z 15013KT 9999 SCT045 19/09 Q1029 NOSIG =,2026-04-12 15:04:00
SKBO,Bogotá / El Dorado,4.70306,-74.13833,12-04-2026 16:04:00,SKBO 121600Z 13010KT 9999 BKN050 18/08 Q1029 NOSIG =,2026-04-12 16:04:00
SKBO,Bogotá / El Dorado,4.70306,-74.13833,12-04-2026 17:04:00,SKBO 121700Z 15011KT 9999 FEW040 BKN050 19/09 Q1028 NOSIG =,2026-04-12 17:04:00
SKBO,Bogotá / El Dorado,4.70306,-74.13833,12-04-2026 18:04:00,SKBO 121800Z 15009KT 110V180 9999 BKN040 20/09 Q1027 NOSIG =,2026-04-12 18:04:00
SKBO,Bogotá / El Dorado,4.70306,-74.13833,12-04-2026 19:04:00,SKBO 121900Z 16011KT 130V190 9999 SCT040 20/09 Q1026 NOSIG =,2026-04-12 19:04:00
SKBO,Bogotá / El Dorado,4.70306,-74.13833,12-04-2026 20:04:00,SKBO 122000Z 14007KT 070V180 9999 BKN040 19/09 Q1025 NOSIG =,2026-04-12 20:04:00
SKBO,Bogotá / El Dorado,4.70306,-74.13833,12-04-2026 21:04:00,SKBO 122100Z 12005KT 020V180 9999 BKN050 20/09 Q1024 NOSIG =,2026-04-12 21:04:00
SKBO,Bogotá / El Dorado,4.70306,-74.13833,12-04-2026 22:04:00,SKBO 122200Z 16006KT 100V220 9999 SCT050 20/09 Q1024 NOSIG =,2026-04-12 22:04:00
SKBO,Bogotá / El Dorado,4.70306,-74.13833,12-04-2026 23:04:00,SKBO 122300Z 11005KT 060V160 9999 FEW040 18/09 Q1025 NOSIG =,2026-04-12 23:04:00
SKBO,Bogotá / El Dorado,4.70306,-74.13833,13-04-2026 00:04:00,SKBO 130000Z 13004KT 100V160 9999 FEW040 17/09 Q1025 NOSIG =,2026-04-13 00:04:00
SKBO,Bogotá / El Dorado,4.70306,-74.13833,13-04-2026 01:04:00,SKBO 130100Z VRB02KT 9999 NSC 14/09 Q1026 NOSIG =,2026-04-13 01:04:00
SKBO,Bogotá / El Dorado,4.70306,-74.13833,13-04-2026 02:04:00,SKBO 130200Z 34002KT 9999 FEW015 14/11 Q1027 NOSIG =,2026-04-13 02:04:00
SKBO,Bogotá / El Dorado,4.70306,-74.13833,13-04-2026 03:04:00,SKBO 130300Z 05003KT 350V080 CAVOK 12/10 Q1028 NOSIG =,2026-04-13 03:04:00
SKBO,Bogotá / El Dorado,4.70306,-74.13833,13-04-2026 04:04:00,SKBO 130400Z 04003KT CAVOK 11/10 Q1028 NOSIG =,2026-04-13 04:04:00
SKBO,Bogotá / El Dorado,4.70306,-74.13833,13-04-2026 05:04:00,SKBO 130500Z 33003KT 9999 FEW040 10/10 Q1027 NOSIG =,2026-04-13 05:04:00
SKBO,Bogotá / El Dorado,4.70306,-74.13833,13-04-2026 06:04:00,SKBO 130600Z VRB02KT CAVOK 10/10 Q1027 NOSIG =,2026-04-13 06:04:00
SKBO,Bogotá / El Dorado,4.70306,-74.13833,13-04-2026 07:04:00,SKBO 130700Z 04004KT 9999 FEW005 SCT050 11/11 Q1027 NOSIG =,2026-04-13 07:04:00
SKBO,Bogotá / El Dorado,4.70306,-74.13833,13-04-2026 08:04:00,SKBO 130800Z VRB01KT 9999 FEW020 SCT040 11/11 Q1026 TEMPO 6000 BCFG =,2026-04-13 08:04:00
SKBO,Bogotá / El Dorado,4.70306,-74.13833,13-04-2026 09:04:00,SKBO 130900Z 23003KT 9999 BKN040 11/11 Q1027 TEMPO 6000 BCFG =,2026-04-13 09:04:00
SKBO,Bogotá / El Dorado,4.70306,-74.13833,13-04-2026 10:04:00,SKBO 131000Z 08002KT 9999 SCT040 BKN050 10/10 Q1026 NOSIG =,2026-04-13 10:04:00
SKBO,Bogotá / El Dorado,4.70306,-74.13833,13-04-2026 10:04:00,SKBO 131032Z 04003KT 9999 SCT040 BKN070 11/11 Q1027 NOSIG =,2026-04-13 10:04:00
SKBO,Bogotá / El Dorado,4.70306,-74.13833,13-04-2026 11:04:00,SKBO 131100Z 01004KT 9999 FEW025 BKN060 11/11 Q1027 NOSIG =,2026-04-13 11:04:00
SKBO,Bogotá / El Dorado,4.70306,-74.13833,13-04-2026 12:04:00,SKBO 131200Z VRB02KT 9999 FEW025 BKN040 12/12 Q1028 NOSIG =,2026-04-13 12:04:00
SKBO,Bogotá / El Dorado,4.70306,-74.13833,13-04-2026 13:04:00,SKBO 131300Z 02003KT 340V060 9999 FEW030 SCT050 14/12 Q1028 NOSIG =,2026-04-13 13:04:00
SKBO,Bogotá / El Dorado,4.70306,-74.13833,13-04-2026 14:04:00,SKBO 131400Z 06005KT 030V090 9999 FEW030 SCT060 16/12 Q1029 NOSIG =,2026-04-13 14:04:00
SKBO,Bogotá / El Dorado,4.70306,-74.13833,13-04-2026 15:04:00,SKBO 131500Z 02005KT 340V070 9999 SCT030 SCT060 17/12 Q1029 NOSIG =,2026-04-13 15:04:00
SKBO,Bogotá / El Dorado,4.70306,-74.13833,13-04-2026 16:04:00,SKBO 131600Z VRB03KT 9999 BKN030 18/11 Q1028 NOSIG =,2026-04-13 16:04:00
SKBO,Bogotá / El Dorado,4.70306,-74.13833,13-04-2026 17:04:00,SKBO 131700Z 17005KT 100V190 9999 BKN040 20/11 Q1027 NOSIG =,2026-04-13 17:04:00
SKBO,Bogotá / El Dorado,4.70306,-74.13833,13-04-2026 18:04:00,SKBO 131800Z VRB02KT 9000 SCT030 BKN050 20/10 Q1026 NOSIG RMK HZ=,2026-04-13 18:04:00
SKBO,Bogotá / El Dorado,4.70306,-74.13833,13-04-2026 19:04:00,SKBO 131900Z 30009KT 260V320 8000 FEW018TCU SCT020 BKN050 18/13 Q1025 TEMPO DZ RMK HZ TCUN/SE =,2026-04-13 19:04:00
SKBO,Bogotá / El Dorado,4.70306,-74.13833,13-04-2026 20:04:00,SKBO 132000Z 29010KT 250V320 8000 VCTS SCT018CB BKN050 18/13 Q1024 TEMPO RA RMK HZ CB VCTS/NE =,2026-04-13 20:04:00
SKBO,Bogotá / El Dorado,4.70306,-74.13833,13-04-2026 21:04:00,SKBO 132100Z 27009KT 230V310 9000 VCSH FEW018CB SCT020 BKN040 19/13 Q1024 TEMPO DZ RMK CB VCSH/E/SE =,2026-04-13 21:04:00
SKBO,Bogotá / El Dorado,4.70306,-74.13833,13-04-2026 22:04:00,SKBO 132200Z 28009KT 250V320 9000 VCSH FEW015CB SCT020 BKN040 17/12 Q1024 TEMPO DZ RMK CB/NE VCSH/NE/SE =,2026-04-13 22:04:00
SKBO,Bogotá / El Dorado,4.70306,-74.13833,13-04-2026 23:04:00,SKBO 132300Z 29007KT 240V330 9000 VCSH FEW018TCU BKN025 16/12 Q1025 TEMPO DZ RMK TCUVCSH/E/SE =,2026-04-13 23:04:00
SKBO,Bogotá / El Dorado,4.70306,-74.13833,14-04-2026 00:04:00,SKBO 140000Z 32005KT 9999 SCT030 BKN060 15/14 Q1025 NOSIG =,2026-04-14 00:04:00
SKBO,Bogotá / El Dorado,4.70306,-74.13833,14-04-2026 01:04:00,SKBO 140100Z 31003KT 260V010 9999 VCSH SCT045 BKN065 15/12 Q1026 NOSIG RMK VCSH/SE =,2026-04-14 01:04:00
SKBO,Bogotá / El Dorado,4.70306,-74.13833,14-04-2026 02:04:00,SKBO 140200Z 30003KT 270V330 9999 SCT025 BKN050 15/12 Q1027 NOSIG =,2026-04-14 02:04:00
SKBO,Bogotá / El Dorado,4.70306,-74.13833,14-04-2026 03:04:00,SKBO 140300Z 01002KT 9999 VCSH SCT030 BKN050 14/13 Q1027 NOSIG RMK VCSH/E/SE =,2026-04-14 03:04:00
SKBO,Bogotá / El Dorado,4.70306,-74.13833,14-04-2026 04:04:00,SKBO 140400Z 02002KT 9999 SCT040 BKN060 14/13 Q1027 NOSIG =,2026-04-14 04:04:00
SKBO,Bogotá / El Dorado,4.70306,-74.13833,14-04-2026 05:04:00,SKBO 140500Z VRB02KT 9999 SCT020 BKN060 13/13 Q1027 NOSIG =,2026-04-14 05:04:00
SKBO,Bogotá / El Dorado,4.70306,-74.13833,14-04-2026 06:04:00,SKBO 140600Z 04003KT 010V070 9999 SCT025 BKN060 13/13 Q1026 NOSIG =,2026-04-14 06:04:00
SKBO,Bogotá / El Dorado,4.70306,-74.13833,14-04-2026 07:04:00,SKBO 140700Z VRB01KT 9999 SCT020 BKN045 13/13 Q1026 NOSIG =,2026-04-14 07:04:00
SKBO,Bogotá / El Dorado,4.70306,-74.13833,14-04-2026 08:04:00,SKBO 140800Z 02002KT 9999 SCT035 BKN055 13/13 Q1025 NOSIG =,2026-04-14 08:04:00
SKBO,Bogotá / El Dorado,4.70306,-74.13833,14-04-2026 09:04:00,SKBO 140900Z 03003KT 9999 FEW020 12/12 Q1024 NOSIG =,2026-04-14 09:04:00
SKBO,Bogotá / El Dorado,4.70306,-74.13833,14-04-2026 10:04:00,SKBO 141000Z 31002KT 9999 R14R/0500N MIFG FEW020 11/11 Q1024 TEMPO 6000 BCFG =,2026-04-14 10:04:00
SKBO,Bogotá / El Dorado,4.70306,-74.13833,14-04-2026 10:04:00,SKBO 141025Z VRB02KT 6000 0150NW R14L/0600N R32R/P2000N R14R/1700U R32L/P2000N PRFG SCT001 SCT020 09/09 Q1025 BECMG FM1100 BR =,2026-04-14 10:04:00
SKBO,Bogotá / El Dorado,4.70306,-74.13833,14-04-2026 10:04:00,SKBO 141032Z 35003KT 330V030 5000 0200NW R14L/0900U R32R/P2000N R14R/P2000N R32L/P2000N BR SCT001 BKN010 10/10 Q1025 NOSIG =,2026-04-14 10:04:00
SKBO,Bogotá / El Dorado,4.70306,-74.13833,14-04-2026 10:04:00,SKBO 141045Z 02003KT 0900 R14L/1200D R32R/P2000N R14R/P2000N R32L/P2000N FG FEW001 BKN008 10/10 Q1025 BECMG FM1145 BR =,2026-04-14 10:04:00
SKBO,Bogotá / El Dorado,4.70306,-74.13833,14-04-2026 11:04:00,SKBO 141100Z VRB02KT 7000 0600NW R14L/0450D R32R/P2000N R14R/P2000N R32L/P2000N PRFG SCT001 BKN007 10/10 Q1025 BECMG FM1130 BCFG =,2026-04-14 11:04:00
SKBO,Bogotá / El Dorado,4.70306,-74.13833,14-04-2026 11:04:00,SKBO 141130Z 26003KT 190V320 6000 2000 BCFG SCT002 BKN015 11/11 Q1026 BECMG FM1230 9999 NSW=,2026-04-14 11:04:00
SKBO,Bogotá / El Dorado,4.70306,-74.13833,14-04-2026 11:04:00,SKBO 141131Z 26003KT 190V320 6000 2000NW BCFG SCT002 BKN015 11/11 Q1026 BECMG FM1230 9999 NSW =,2026-04-14 11:04:00
SKBO,Bogotá / El Dorado,4.70306,-74.13833,14-04-2026 12:04:00,SKBO 141200Z VRB01KT 5000 BR FEW002 BKN015 11/11 Q1026 BECMG FM1300 9999 NSW =,2026-04-14 12:04:00
SKBO,Bogotá / El Dorado,4.70306,-74.13833,14-04-2026 13:04:00,SKBO 141300Z 33003KT 6000 OVC014 13/13 Q1026 NOSIG RMK BR =,2026-04-14 13:04:00
SKBO,Bogotá / El Dorado,4.70306,-74.13833,14-04-2026 14:04:00,SKBO 141400Z 01003KT 300V080 8000 VCFG FEW015 SCT030 15/13 Q1027 NOSIG =,2026-04-14 14:04:00
SKBO,Bogotá / El Dorado,4.70306,-74.13833,14-04-2026 15:04:00,SKBO 141500Z 34004KT 310V040 9000 FEW005 SCT020 17/12 Q1027 NOSIG RMK HZ=,2026-04-14 15:04:00
SKBO,Bogotá / El Dorado,4.70306,-74.13833,14-04-2026 15:04:00,SKBO 141541Z VRB04KT 9000 FEW005 SCT020 19/12 Q1026 NOSIG RMK HZ=,2026-04-14 15:04:00
SKBO,Bogotá / El Dorado,4.70306,-74.13833,14-04-2026 16:04:00,SKBO 141600Z VRB03KT 9000 FEW010 SCT030 19/13 Q1026 NOSIG RMK HZ=,2026-04-14 16:04:00
SKBO,Bogotá / El Dorado,4.70306,-74.13833,14-04-2026 17:04:00,SKBO 141700Z VRB04KT 9000 VCSH SCT020 BKN040 20/12 Q1025 NOSIG RMK VCSH/S HZ=,2026-04-14 17:04:00
SKBO,Bogotá / El Dorado,4.70306,-74.13833,14-04-2026 18:04:00,SKBO 141800Z 31009KT 270V340 8000 VCSH SCT020TCU BKN040 21/14 Q1024 TEMPO RA RMK TCUVCSH/SE/S =,2026-04-14 18:04:00
SKBO,Bogotá / El Dorado,4.70306,-74.13833,14-04-2026 18:04:00,SKBO 141809Z 24011KT 200V260 8000 VCSH SCT020CB BKN040 19/14 Q1024 TEMPO RA RMK CB VCSH/SE/S =,2026-04-14 18:04:00
SKBO,Bogotá / El Dorado,4.70306,-74.13833,14-04-2026 19:04:00,SKBO 141900Z 23010KT 190V270 7000 -TSRA FEW017CB BKN030 19/13 Q1023 NOSIG RMK CB/E/SE =,2026-04-14 19:04:00
SKBO,Bogotá / El Dorado,4.70306,-74.13833,14-04-2026 19:04:00,SKBO 141930Z 05004KT 330V070 9000 -RA FEW015CB BKN030 17/12 Q1023 RETSRA NOSIG RMK CB/NE =,2026-04-14 19:04:00
SKBO,Bogotá / El Dorado,4.70306,-74.13833,14-04-2026 20:04:00,SKBO 142000Z 05006KT 020V150 9999 VCSH FEW015 BKN030 16/13 Q1023 RETSRA NOSIG RMK VCSH/NE/S =,2026-04-14 20:04:00
SKBO,Bogotá / El Dorado,4.70306,-74.13833,14-04-2026 20:04:00,SKBO 142034Z 04006KT 020V080 9999 VCSH BKN020 SCT040 18/13 Q1022 NOSIG RMK VCSH/NE/S =,2026-04-14 20:04:00
SKBO,Bogotá / El Dorado,4.70306,-74.13833,14-04-2026 21:04:00,SKBO 142100Z 07005KT 040V100 9999 VCSH FEW020TCU SCT040 20/13 Q1022 NOSIG RMK TCUVCSH/S =,2026-04-14 21:04:00
SKBO,Bogotá / El Dorado,4.70306,-74.13833,14-04-2026 22:04:00,SKBO 142200Z 01003KT 9999 VCSH SCT020 SCT040 19/12 Q1022 NOSIG RMK VCSH/SE/S =,2026-04-14 22:04:00
SKBO,Bogotá / El Dorado,4.70306,-74.13833,14-04-2026 23:04:00,SKBO 142300Z 28005KT 210V320 9999 VCSH SCT017TCU SCT040 17/14 Q1023 TEMPO RA RMK TCUVCSH/E/SE =,2026-04-14 23:04:00
SKBO,Bogotá / El Dorado,4.70306,-74.13833,15-04-2026 00:04:00,SKBO 150000Z 24005KT 210V280 9999 VCSH SCT020TCU BKN065 16/13 Q1024 NOSIG RMK TCUVCSH/E =,2026-04-15 00:04:00
SKBO,Bogotá / El Dorado,4.70306,-74.13833,15-04-2026 01:04:00,SKBO 150100Z 24003KT 150V280 9999 VCSH SCT015TCU BKN030 15/14 Q1025 NOSIG RMK TCUVCSH/E =,2026-04-15 01:04:00
SKBO,Bogotá / El Dorado,4.70306,-74.13833,15-04-2026 02:04:00,SKBO 150200Z VRB01KT 9999 BKN035 14/13 Q1026 NOSIG =,2026-04-15 02:04:00
SKBO,Bogotá / El Dorado,4.70306,-74.13833,15-04-2026 03:04:00,SKBO 150300Z VRB01KT 9999 FEW015 SCT025 BKN035 14/13 Q1026 NOSIG =,2026-04-15 03:04:00
SKBO,Bogotá / El Dorado,4.70306,-74.13833,15-04-2026 03:04:00,SKBO 150336Z VRB01KT 9999 DZ FEW015 SCT025 BKN035 14/14 Q1026 NOSIG =,2026-04-15 03:04:00
SKBO,Bogotá / El Dorado,4.70306,-74.13833,15-04-2026 04:04:00,SKBO 150400Z VRB02KT 9999 -RA SCT025 BKN035 14/14 Q1026 NOSIG =,2026-04-15 04:04:00
SKBO,Bogotá / El Dorado,4.70306,-74.13833,15-04-2026 04:04:00,SKBO 150430Z 34002KT 9999 FEW025 BKN040 14/14 Q1026 RERA NOSIG =,2026-04-15 04:04:00
SKBO,Bogotá / El Dorado,4.70306,-74.13833,15-04-2026 05:04:00,SKBO 150500Z VRB02KT 9999 DZ SCT035 OVC050 14/14 Q1026 NOSIG =,2026-04-15 05:04:00
SKBO,Bogotá / El Dorado,4.70306,-74.13833,15-04-2026 05:04:00,SKBO 150516Z VRB01KT 9999 SHRA FEW005 SCT050 BKN065 14/14 Q1025 NOSIG =,2026-04-15 05:04:00
SKBO,Bogotá / El Dorado,4.70306,-74.13833,15-04-2026 05:04:00,SKBO 150530Z 04003KT 020V080 9000 RA FEW005 SCT035 BKN045 13/13 Q1025 NOSIG =,2026-04-15 05:04:00
SKBO,Bogotá / El Dorado,4.70306,-74.13833,15-04-2026 06:04:00,SKBO 150600Z 35003KT 9000 RA FEW010 SCT030 BKN045 13/13 Q1025 NOSIG =,2026-04-15 06:04:00
SKBO,Bogotá / El Dorado,4.70306,-74.13833,15-04-2026 07:04:00,SKBO 150700Z VRB02KT 9000 -DZ FEW008 BKN050 13/13 Q1024 RERA NOSIG =,2026-04-15 07:04:00
SKBO,Bogotá / El Dorado,4.70306,-74.13833,15-04-2026 08:04:00,SKBO 150800Z 01002KT 8000 FEW005 BKN060 13/13 Q1023 REDZ NOSIG RMK BR =,2026-04-15 08:04:00
SKBO,Bogotá / El Dorado,4.70306,-74.13833,15-04-2026 08:04:00,SKBO 150814Z 35003KT 9000 4400NW R14R/0700D BCFG FEW005 BKN070 13/13 Q1023 NOSIG =,2026-04-15 08:04:00
SKBO,Bogotá / El Dorado,4.70306,-74.13833,15-04-2026 08:04:00,SKBO 150840Z 35004KT 7000 1000NW R14L/1000U R32R/P2000N R14R/1200U R32L/P2000N PRFG FEW004 BKN010 12/12 Q1023 NOSIG =,2026-04-15 08:04:00
SKBO,Bogotá / El Dorado,4.70306,-74.13833,15-04-2026 08:04:00,SKBO 150845Z 33003KT 0500 R14L/1600N R32R/P2000N R14R/1900U R32L/P2000N FG FEW003 BKN010 12/12 Q1023 NOSIG =,2026-04-15 08:04:00
SKBO,Bogotá / El Dorado,4.70306,-74.13833,15-04-2026 09:04:00,SKBO 150900Z 33003KT 0100 R14L/1700U R32R/P2000N R14R/1900N R32L/P2000N FG VV/// 12/12 Q1023 NOSIG =,2026-04-15 09:04:00
SKBO,Bogotá / El Dorado,4.70306,-74.13833,15-04-2026 09:04:00,SKBO 150918Z 35003KT 0100 R14L/0800N R32R/P2000N R14R/0450N R32L/1300D FG NSC 12/12 Q1023 NOSIG =,2026-04-15 09:04:00
SKBO,Bogotá / El Dorado,4.70306,-74.13833,15-04-2026 09:04:00,SKBO 150935Z 32004KT 0200 R14L/1100U R32R/1900D R14R/0600N R32L/0900U FG NSC 12/12 Q1024 NOSIG =,2026-04-15 09:04:00
SKBO,Bogotá / El Dorado,4.70306,-74.13833,15-04-2026 10:04:00,SKBO 151000Z 35003KT 310V020 0200 R14L/0900D R32R/1000D R14R/0700N R32L/0750D FG NSC 12/12 Q1024 NOSIG =,2026-04-15 10:04:00
SKBO,Bogotá / El Dorado,4.70306,-74.13833,15-04-2026 10:04:00,SKBO 151019Z 32003KT 0100 R14L/0900N R32R/1900N R14R/0900U R32L/1200D FG OVC005 12/12 Q1024 NOSIG =,2026-04-15 10:04:00
SKBO,Bogotá / El Dorado,4.70306,-74.13833,15-04-2026 10:04:00,SKBO 151035Z 34003KT 320V020 0200 R14L/0900N R32R/P2000N R14R/1900N R32L/1300D FG BKN001 OVC004 12/12 Q1024 NOSIG =,2026-04-15 10:04:00
SKBO,Bogotá / El Dorado,4.70306,-74.13833,15-04-2026 11:04:00,SKBO 151100Z 34004KT 0500 R14L/1700U R32R/P2000N R14R/P2000N R32L/1400U FG BKN001 OVC005 12/12 Q1024 NOSIG =,2026-04-15 11:04:00
SKBO,Bogotá / El Dorado,4.70306,-74.13833,15-04-2026 11:04:00,SKBO 151112Z 34004KT 2000 BR SCT006 12/12 Q1025 BECMG FM1200 4000 BR =,2026-04-15 11:04:00
SKBO,Bogotá / El Dorado,4.70306,-74.13833,15-04-2026 11:04:00,SKBO 151130Z 34003KT 3000 RA BR FEW005 OVC010 12/12 Q1025 NOSIG =,2026-04-15 11:04:00
SKBO,Bogotá / El Dorado,4.70306,-74.13833,15-04-2026 11:04:00,SKBO 151141Z VRB02KT 2000 +RA BR FEW005 OVC010 12/12 Q1025 NOSIG =,2026-04-15 11:04:00
SKBO,Bogotá / El Dorado,4.70306,-74.13833,15-04-2026 12:04:00,SKBO 151200Z VRB03KT 2000 +RA BR SCT005 OVC010 12/12 Q1025 NOSIG =,2026-04-15 12:04:00
SKBO,Bogotá / El Dorado,4.70306,-74.13833,15-04-2026 12:04:00,SKBO 151211Z 32006KT 280V350 3000 RA BR SCT007 BKN020 12/12 Q1026 NOSIG =,2026-04-15 12:04:00
SKBO,Bogotá / El Dorado,4.70306,-74.13833,15-04-2026 13:04:00,SKBO 151300Z 31004KT 220V350 4000 RA BR SCT007 BKN015 12/12 Q1026 RERA NOSIG =,2026-04-15 13:04:00
SKBO,Bogotá / El Dorado,4.70306,-74.13833,15-04-2026 13:04:00,SKBO 151322Z VRB02KT 6000 -RA SCT007 BKN030 13/13 Q1027 NOSIG RMK BR =,2026-04-15 13:04:00
SKBO,Bogotá / El Dorado,4.70306,-74.13833,15-04-2026 14:04:00,SKBO 151400Z VRB02KT 8000 VCSH SCT007 BKN030 14/14 Q1027 NOSIG RMK VCSH/NE/E =,2026-04-15 14:04:00
SKBO,Bogotá / El Dorado,4.70306,-74.13833,15-04-2026 15:04:00,SKBO 151500Z VRB02KT 9000 SCT009 BKN050 15/14 Q1027 NOSIG =,2026-04-15 15:04:00
SKBO,Bogotá / El Dorado,4.70306,-74.13833,15-04-2026 16:04:00,SKBO 151600Z 28006KT 270V330 8000 VCSH SCT010 BKN050 17/15 Q1027 TEMPO DZ RMK VCSH/SE/SW =,2026-04-15 16:04:00
SKBO,Bogotá / El Dorado,4.70306,-74.13833,15-04-2026 17:04:00,SKBO 151700Z 26006KT 180V300 7000 DZ SCT012 BKN040 16/13 Q1026 NOSIG =,2026-04-15 17:04:00
SKBO,Bogotá / El Dorado,4.70306,-74.13833,15-04-2026 18:04:00,SKBO 151800Z 28004KT 230V300 9999 VCSH SCT020 BKN060 15/13 Q1025 REDZ TEMPO DZ RMK VCSH/NE =,2026-04-15 18:04:00
SKBO,Bogotá / El Dorado,4.70306,-74.13833,15-04-2026 19:04:00,SKBO 151900Z 29006KT 240V320 9999 VCSH FEW010 SCT020 BKN060 16/13 Q1024 TEMPO DZ RMK VCSH/E/SE =,2026-04-15 19:04:00
SKBO,Bogotá / El Dorado,4.70306,-74.13833,15-04-2026 20:04:00,SKBO 152000Z 32004KT 270V360 9999 FEW015 SCT030 BKN050 16/13 Q1024 NOSIG =,2026-04-15 20:04:00
SKBO,Bogotá / El Dorado,4.70306,-74.13833,15-04-2026 21:04:00,SKBO 152100Z 33003KT 290V020 9999 FEW010 SCT025 16/13 Q1023 NOSIG =,2026-04-15 21:04:00
SKBO,Bogotá / El Dorado,4.70306,-74.13833,15-04-2026 22:04:00,SKBO 152200Z VRB02KT 9999 FEW010 SCT030 16/13 Q1022 NOSIG =,2026-04-15 22:04:00
SKBO,Bogotá / El Dorado,4.70306,-74.13833,15-04-2026 23:04:00,SKBO 152300Z 31003KT 260V030 9999 FEW010 SCT030 BKN070 16/13 Q1023 NOSIG =,2026-04-15 23:04:00
SKBO,Bogotá / El Dorado,4.70306,-74.13833,16-04-2026 00:04:00,SKBO 160000Z VRB02KT 9999 FEW010 BKN080 14/14 Q1024 NOSIG =,2026-04-16 00:04:00
SKBO,Bogotá / El Dorado,4.70306,-74.13833,16-04-2026 01:04:00,SKBO 160100Z VRB02KT 9999 FEW020 BKN080 13/13 Q1025 NOSIG =,2026-04-16 01:04:00
SKBO,Bogotá / El Dorado,4.70306,-74.13833,16-04-2026 02:04:00,SKBO 160200Z 35004KT 9999 FEW020 13/13 Q1025 NOSIG =,2026-04-16 02:04:00
SKBO,Bogotá / El Dorado,4.70306,-74.13833,16-04-2026 03:04:00,SKBO 160300Z 31003KT 270V340 9999 FEW020 SCT030 12/12 Q1026 NOSIG =,2026-04-16 03:04:00
SKBO,Bogotá / El Dorado,4.70306,-74.13833,16-04-2026 04:04:00,SKBO 160400Z VRB02KT 9999 FEW020 SCT035 13/12 Q1027 NOSIG =,2026-04-16 04:04:00
SKBO,Bogotá / El Dorado,4.70306,-74.13833,16-04-2026 05:04:00,SKBO 160500Z 33002KT 9999 SCT040 BKN080 12/12 Q1026 NOSIG =,2026-04-16 05:04:00
SKBO,Bogotá / El Dorado,4.70306,-74.13833,16-04-2026 06:04:00,SKBO 160600Z VRB01KT 9999 FEW020 BKN070 12/12 Q1025 NOSIG =,2026-04-16 06:04:00
SKBO,Bogotá / El Dorado,4.70306,-74.13833,16-04-2026 07:04:00,SKBO 160700Z VRB02KT 9999 BKN017 12/12 Q1025 NOSIG =,2026-04-16 07:04:00
SKBO,Bogotá / El Dorado,4.70306,-74.13833,16-04-2026 08:04:00,SKBO 160800Z VRB02KT 9999 BKN017 13/13 Q1025 NOSIG =,2026-04-16 08:04:00
SKBO,Bogotá / El Dorado,4.70306,-74.13833,16-04-2026 09:04:00,SKBO 160900Z VRB02KT 9999 BKN017 12/12 Q1024 NOSIG =,2026-04-16 09:04:00
SKBO,Bogotá / El Dorado,4.70306,-74.13833,16-04-2026 10:04:00,SKBO 161000Z VRB02KT 9999 FEW017 BKN060 12/12 Q1025 NOSIG =,2026-04-16 10:04:00
SKBO,Bogotá / El Dorado,4.70306,-74.13833,16-04-2026 10:04:00,SKBO 161030Z VRB01KT 9999 FEW017 BKN050 12/12 Q1025 NOSIG =,2026-04-16 10:04:00
SKBO,Bogotá / El Dorado,4.70306,-74.13833,16-04-2026 11:04:00,SKBO 161100Z 35002KT 9999 SCT015 OVC050 12/12 Q1025 NOSIG =,2026-04-16 11:04:00
SKBO,Bogotá / El Dorado,4.70306,-74.13833,16-04-2026 12:04:00,SKBO 161200Z 02002KT 9999 VCSH SCT015 OVC060 12/12 Q1026 NOSIG RMK VCSH/W/NW =,2026-04-16 12:04:00
SKBO,Bogotá / El Dorado,4.70306,-74.13833,16-04-2026 13:04:00,SKBO 161300Z 33003KT 9000 VCSH SCT015 BKN070 13/13 Q1027 NOSIG RMK VCSH/W/N =,2026-04-16 13:04:00
SKBO,Bogotá / El Dorado,4.70306,-74.13833,16-04-2026 13:04:00,SKBO 161318Z VRB02KT 9999 SCT010 BKN070 15/14 Q1027 NOSIG =,2026-04-16 13:04:00
SKBO,Bogotá / El Dorado,4.70306,-74.13833,16-04-2026 14:04:00,SKBO 161400Z VRB03KT 9000 SCT020 BKN060 16/14 Q1027 NOSIG =,2026-04-16 14:04:00
SKBO,Bogotá / El Dorado,4.70306,-74.13833,16-04-2026 15:04:00,SKBO 161500Z 31004KT 210V350 8000 SCT025 BKN060 16/14 Q1027 NOSIG RMK HZ=,2026-04-16 15:04:00
SKBO,Bogotá / El Dorado,4.70306,-74.13833,16-04-2026 15:04:00,SKBO 161531Z 18003KT 110V230 8000 SCT030 BKN070 17/13 Q1027 NOSIG RMK HZ=,2026-04-16 15:04:00
SKBO,Bogotá / El Dorado,4.70306,-74.13833,16-04-2026 16:04:00,SKBO 161600Z VRB04KT 8000 SCT025 BKN070 18/13 Q1026 NOSIG RMK HZ=,2026-04-16 16:04:00
SKBO,Bogotá / El Dorado,4.70306,-74.13833,16-04-2026 17:04:00,SKBO 161700Z VRB05KT 9000 SCT030 BKN070 20/13 Q1026 NOSIG =,2026-04-16 17:04:00
SKBO,Bogotá / El Dorado,4.70306,-74.13833,16-04-2026 18:04:00,SKBO 161800Z 31009KT 280V350 9999 SCT030TCU BKN070 19/13 Q1024 NOSIG =,2026-04-16 18:04:00
SKBO,Bogotá / El Dorado,4.70306,-74.13833,16-04-2026 19:04:00,SKBO 161900Z 28011KT 9999 VCSH SCT030TCU BKN070 21/13 Q1023 NOSIG RMK VCSH / NE /NW=,2026-04-16 19:04:00
SKBO,Bogotá / El Dorado,4.70306,-74.13833,16-04-2026 20:04:00,SKBO 162000Z 30012KT 260V320 9999 VCSH SCT020TCU BKN060 19/13 Q1022 NOSIG RMK VCSH / E =,2026-04-16 20:04:00
SKBO,Bogotá / El Dorado,4.70306,-74.13833,16-04-2026 21:04:00,SKBO 162100Z 27012KT 9999 VCTS -SHRA FEW015TCU BKN050 17/14 Q1022 NOSIG RMK VCTS/W =,2026-04-16 21:04:00
SKBO,Bogotá / El Dorado,4.70306,-74.13833,16-04-2026 22:04:00,SKBO 162200Z 26006KT 230V290 9999 -SHRA SCT020TCU BKN040 15/15 Q1023 NOSIG =,2026-04-16 22:04:00
SKBO,Bogotá / El Dorado,4.70306,-74.13833,16-04-2026 23:04:00,SKBO 162300Z 25005KT 190V270 9999 VCSH FEW015TCU SCT030 BKN060 15/14 Q1023 RESHRA NOSIG RMK TCUVCSH/E =,2026-04-16 23:04:00
SKBO,Bogotá / El Dorado,4.70306,-74.13833,17-04-2026 00:04:00,SKBO 170000Z 30005KT 270V340 9999 SCT008 BKN025 14/13 Q1024 NOSIG =,2026-04-17 00:04:00
SKBO,Bogotá / El Dorado,4.70306,-74.13833,17-04-2026 00:04:00,SKBO 170023Z 30006KT 260V330 9999 4900NW RA FEW015 SCT030 OVC040 14/13 Q1025 NOSIG =,2026-04-17 00:04:00
SKBO,Bogotá / El Dorado,4.70306,-74.13833,17-04-2026 01:04:00,SKBO 170100Z 30006KT 260V330 9000 RA SCT015 BKN040 14/14 Q1025 TEMPO DZ=,2026-04-17 01:04:00
SKBO,Bogotá / El Dorado,4.70306,-74.13833,17-04-2026 01:04:00,SKBO 170137Z 30006KT 9999 VCSH FEW020 BKN040 14/14 Q1026 RERA NOSIG RMK VCSH/SE =,2026-04-17 01:04:00
SKBO,Bogotá / El Dorado,4.70306,-74.13833,17-04-2026 02:04:00,SKBO 170200Z 30004KT 260V350 9999 VCSH FEW020 BKN040 14/14 Q1026 NOSIG RMK VCSH/SE =,2026-04-17 02:04:00
SKBO,Bogotá / El Dorado,4.70306,-74.13833,17-04-2026 03:04:00,SKBO 170300Z 28003KT 250V320 9999 VCSH FEW015 OVC060 14/14 Q1026 NOSIG RMK VCSH/SE =,2026-04-17 03:04:00
SKBO,Bogotá / El Dorado,4.70306,-74.13833,17-04-2026 04:04:00,SKBO 170400Z VRB02KT 9999 SCT015 OVC040 13/13 Q1026 NOSIG =,2026-04-17 04:04:00
SKBO,Bogotá / El Dorado,4.70306,-74.13833,17-04-2026 04:04:00,SKBO 170433Z 33003KT 9999 -RA FEW010 BKN035 13/13 Q1026 NOSIG =,2026-04-17 04:04:00
SKBO,Bogotá / El Dorado,4.70306,-74.13833,17-04-2026 05:04:00,SKBO 170500Z VRB02KT 9999 -RA FEW010 BKN020 13/13 Q1026 NOSIG =,2026-04-17 05:04:00
SKBO,Bogotá / El Dorado,4.70306,-74.13833,17-04-2026 05:04:00,SKBO 170507Z 33003KT 7000 +RA SCT010 BKN025 13/13 Q1026 NOSIG =,2026-04-17 05:04:00
SKBO,Bogotá / El Dorado,4.70306,-74.13833,17-04-2026 06:04:00,SKBO 170600Z 31003KT 8000 RA FEW005 BKN020 13/13 Q1025 NOSIG =,2026-04-17 06:04:00
SKBO,Bogotá / El Dorado,4.70306,-74.13833,17-04-2026 07:04:00,SKBO 170700Z 28004KT 8000 RA SCT006 BKN020 12/12 Q1025 NOSIG =,2026-04-17 07:04:00
SKBO,Bogotá / El Dorado,4.70306,-74.13833,17-04-2026 08:04:00,SKBO 170800Z VRB01KT 8000 -RA SCT012 BKN040 12/12 Q1024 NOSIG =,2026-04-17 08:04:00
SKBO,Bogotá / El Dorado,4.70306,-74.13833,17-04-2026 09:04:00,SKBO 170900Z 28001KT 9000 DZ FEW004 BKN040 12/12 Q1024 RERA NOSIG =,2026-04-17 09:04:00
SKBO,Bogotá / El Dorado,4.70306,-74.13833,17-04-2026 10:04:00,SKBO 171000Z 34001KT 9000 DZ SCT015 BKN040 12/12 Q1024 NOSIG =,2026-04-17 10:04:00
SKBO,Bogotá / El Dorado,4.70306,-74.13833,17-04-2026 10:04:00,SKBO 171033Z VRB02KT 9000 VCSH SCT005 BKN030 12/12 Q1024 REDZ NOSIG =,2026-04-17 10:04:00
SKBO,Bogotá / El Dorado,4.70306,-74.13833,17-04-2026 11:04:00,SKBO 171100Z VRB02KT 7000 DZ SCT003 BKN025 12/12 Q1025 NOSIG =,2026-04-17 11:04:00
SKBO,Bogotá / El Dorado,4.70306,-74.13833,17-04-2026 12:04:00,SKBO 171200Z VRB01KT 9999 DZ FEW005 SCT030 BKN050 12/12 Q1025 NOSIG =,2026-04-17 12:04:00
SKBO,Bogotá / El Dorado,4.70306,-74.13833,17-04-2026 13:04:00,SKBO 171300Z VRB02KT 9999 VCSH FEW005 SCT010 BKN050 13/13 Q1026 REDZ TEMPO DZ RMK VCSH/E/SE =,2026-04-17 13:04:00
SKBO,Bogotá / El Dorado,4.70306,-74.13833,17-04-2026 14:04:00,SKBO 171400Z VRB02KT 9999 SCT010 BKN030 15/13 Q1027 TEMPO DZ=,2026-04-17 14:04:00
SKBO,Bogotá / El Dorado,4.70306,-74.13833,17-04-2026 15:04:00,SKBO 171500Z 30005KT 260V360 9999 VCSH SCT015 BKN030 16/14 Q1027 TEMPO DZ RMK VCSH/E/SE =,2026-04-17 15:04:00
SKBO,Bogotá / El Dorado,4.70306,-74.13833,17-04-2026 16:04:00,SKBO 171600Z 29004KT 230V330 9999 VCSH FEW015 SCT020 BKN060 16/14 Q1027 NOSIG RMK VCSH/E/SE =,2026-04-17 16:04:00
SKBO,Bogotá / El Dorado,4.70306,-74.13833,17-04-2026 16:04:00,SKBO 171620Z 31009KT 270V330 9999 DZ SCT020 BKN030 17/13 Q1027 NOSIG =,2026-04-17 16:04:00
SKBO,Bogotá / El Dorado,4.70306,-74.13833,17-04-2026 17:04:00,SKBO 171700Z 31008KT 9000 DZ FEW010 BKN020 17/13 Q1026 TEMPO RA =,2026-04-17 17:04:00
SKBO,Bogotá / El Dorado,4.70306,-74.13833,17-04-2026 17:04:00,SKBO 171728Z 29006KT 190V330 7000 -RA FEW012 SCT022 BKN042 16/14 Q1026 NOSIG =,2026-04-17 17:04:00
SKBO,Bogotá / El Dorado,4.70306,-74.13833,17-04-2026 18:04:00,SKBO 171800Z 27005KT 220V340 8000 VCSH SCT020 BKN030 17/14 Q1026 RERA NOSIG RMK VCSH SE/NW =,2026-04-17 18:04:00
SKBO,Bogotá / El Dorado,4.70306,-74.13833,17-04-2026 18:04:00,SKBO 171804Z 30007KT 260V340 9000 DZ FEW014 SCT020 BKN025 17/13 Q1025 TEMPO RA =,2026-04-17 18:04:00
SKBO,Bogotá / El Dorado,4.70306,-74.13833,17-04-2026 18:04:00,SKBO 171812Z 31012KT 9999 -SHRA FEW012 SCT017 BKN019 16/14 Q1025 =,2026-04-17 18:04:00
SKBO,Bogotá / El Dorado,4.70306,-74.13833,17-04-2026 18:04:00,SKBO 171838Z 33011KT 6000 RA FEW010 SCT020 BKN030 14/13 Q1025 NOSIG =,2026-04-17 18:04:00
SKBO,Bogotá / El Dorado,4.70306,-74.13833,17-04-2026 19:04:00,SKBO 171900Z 32013KT 6000 RA FEW010TCU SCT020 BKN030 14/13 Q1025 NOSIG RMK TCUSE =,2026-04-17 19:04:00
SKBO,Bogotá / El Dorado,4.70306,-74.13833,17-04-2026 20:04:00,SKBO 172000Z 35007KT 310V020 8000 VCSH FEW020 BKN030 OVC060 14/13 Q1024 RERA NOSIG RMK VCSH NE =,2026-04-17 20:04:00
SKBO,Bogotá / El Dorado,4.70306,-74.13833,17-04-2026 20:04:00,SKBO 172007Z 32006KT 8000 DZ FEW020 SCT030 OVC060 14/13 Q1024 NOSIG =,2026-04-17 20:04:00
SKBO,Bogotá / El Dorado,4.70306,-74.13833,17-04-2026 21:04:00,SKBO 172100Z 29004KT 250V340 8000 DZ FEW020 SCT035 BKN055 14/14 Q1024 NOSIG =,2026-04-17 21:04:00
SKBO,Bogotá / El Dorado,4.70306,-74.13833,17-04-2026 22:04:00,SKBO 172200Z 34004KT 310V010 9000 VCSH FEW010 SCT040 OVC050 14/13 Q1024 NOSIG RMK VCSH/SE =,2026-04-17 22:04:00
SKBO,Bogotá / El Dorado,4.70306,-74.13833,17-04-2026 23:04:00,SKBO 172300Z VRB01KT 9999 FEW015 SCT040 BKN050 15/13 Q1024 NOSIG =,2026-04-17 23:04:00
SKBO,Bogotá / El Dorado,4.70306,-74.13833,18-04-2026 00:04:00,SKBO 180000Z 25003KT 200V280 9999 SCT030 BKN050 14/13 Q1025 NOSIG =,2026-04-18 00:04:00
SKBO,Bogotá / El Dorado,4.70306,-74.13833,18-04-2026 00:04:00,SKBO 180022Z 31004KT 260V340 9999 -DZ FEW035 BKN055 OVC075 14/13 Q1025 NOSIG =,2026-04-18 00:04:00
SKBO,Bogotá / El Dorado,4.70306,-74.13833,18-04-2026 01:04:00,SKBO 180100Z 29003KT 230V340 9999 -DZ FEW035 SCT040 BKN070 14/13 Q1025 NOSIG =,2026-04-18 01:04:00
SKBO,Bogotá / El Dorado,4.70306,-74.13833,18-04-2026 02:04:00,SKBO 180200Z VRB02KT 9999 FEW010 BKN030 13/13 Q1026 NOSIG =,2026-04-18 02:04:00
SKBO,Bogotá / El Dorado,4.70306,-74.13833,18-04-2026 03:04:00,SKBO 180300Z 33003KT 9999 FEW030 BKN050 13/13 Q1027 NOSIG =,2026-04-18 03:04:00
SKBO,Bogotá / El Dorado,4.70306,-74.13833,18-04-2026 04:04:00,SKBO 180400Z VRB03KT 9999 SCT030 OVC050 13/13 Q1027 NOSIG =,2026-04-18 04:04:00
SKBO,Bogotá / El Dorado,4.70306,-74.13833,18-04-2026 05:04:00,SKBO 180500Z 27004KT 180V310 9999 FEW020 BKN040 14/13 Q1026 NOSIG =,2026-04-18 05:04:00
SKBO,Bogotá / El Dorado,4.70306,-74.13833,18-04-2026 06:04:00,SKBO 180600Z VRB02KT 9999 SCT025 BKN035 13/13 Q1026 NOSIG =,2026-04-18 06:04:00
SKBO,Bogotá / El Dorado,4.70306,-74.13833,18-04-2026 06:04:00,SKBO 180608Z VRB02KT 9999 -DZ FEW025 BKN045 13/13 Q1026 NOSIG =,2026-04-18 06:04:00
SKBO,Bogotá / El Dorado,4.70306,-74.13833,18-04-2026 06:04:00,SKBO 180630Z 34008KT 8000 -RA FEW025 SCT045 OVC070 12/12 Q1025 NOSIG =,2026-04-18 06:04:00
SKBO,Bogotá / El Dorado,4.70306,-74.13833,18-04-2026 07:04:00,SKBO 180700Z VRB02KT 8000 -RA FEW025 SCT045 OVC070 12/12 Q1025 TEMPO 9999 DZ=,2026-04-18 07:04:00
SKBO,Bogotá / El Dorado,4.70306,-74.13833,18-04-2026 08:04:00,SKBO 180800Z 04003KT 9999 SCT025 BKN050 12/12 Q1024 RERA NOSIG =,2026-04-18 08:04:00
SKBO,Bogotá / El Dorado,4.70306,-74.13833,18-04-2026 09:04:00,SKBO 180900Z VRB01KT 9999 FEW025 BKN050 12/12 Q1025 NOSIG =,2026-04-18 09:04:00
SKBO,Bogotá / El Dorado,4.70306,-74.13833,18-04-2026 10:04:00,SKBO 181000Z 32003KT 9999 FEW020 SCT040 BKN070 11/11 Q1025 NOSIG =,2026-04-18 10:04:00
SKBO,Bogotá / El Dorado,4.70306,-74.13833,18-04-2026 10:04:00,SKBO 181030Z VRB01KT 9999 R14R/1200U PRFG SCT020 BKN050 11/11 Q1025 NOSIG =,2026-04-18 10:04:00
SKBO,Bogotá / El Dorado,4.70306,-74.13833,18-04-2026 11:04:00,SKBO 181100Z VRB02KT 9999 MIFG SCT040 12/12 Q1025 NOSIG =,2026-04-18 11:04:00
SKBO,Bogotá / El Dorado,4.70306,-74.13833,18-04-2026 12:04:00,SKBO 181200Z 35002KT 9999 FEW005 SCT050 11/11 Q1026 NOSIG =,2026-04-18 12:04:00
SKBO,Bogotá / El Dorado,4.70306,-74.13833,18-04-2026 12:04:00,SKBO 181222Z VRB02KT 9999 FEW010 SCT050 13/13 Q1026 NOSIG =,2026-04-18 12:04:00
SKBO,Bogotá / El Dorado,4.70306,-74.13833,18-04-2026 13:04:00,SKBO 181300Z VRB02KT 9999 FEW010 SCT050 13/13 Q1027 NOSIG =,2026-04-18 13:04:00
SKBO,Bogotá / El Dorado,4.70306,-74.13833,18-04-2026 13:04:00,SKBO 181321Z VRB02KT 9999 FEW025 SCT060 15/13 Q1027 NOSIG =,2026-04-18 13:04:00
SKBO,Bogotá / El Dorado,4.70306,-74.13833,18-04-2026 14:04:00,SKBO 181400Z VRB02KT 9999 SCT020 BKN060 16/12 Q1027 NOSIG =,2026-04-18 14:04:00
SKBO,Bogotá / El Dorado,4.70306,-74.13833,18-04-2026 15:04:00,SKBO 181500Z VRB03KT 9999 SCT020 BKN060 17/12 Q1027 NOSIG =,2026-04-18 15:04:00
SKBO,Bogotá / El Dorado,4.70306,-74.13833,18-04-2026 16:04:00,SKBO 181600Z VRB03KT 9999 SCT030 BKN060 19/11 Q1027 NOSIG =,2026-04-18 16:04:00
SKBO,Bogotá / El Dorado,4.70306,-74.13833,18-04-2026 17:04:00,SKBO 181700Z 31005KT 240V350 9999 SCT035 BKN060 18/11 Q1026 NOSIG =,2026-04-18 17:04:00
SKBO,Bogotá / El Dorado,4.70306,-74.13833,18-04-2026 17:04:00,SKBO 181714Z 24013KT 190V280 9999 SCT035 20/11 Q1026 NOSIG =,2026-04-18 17:04:00
SKBO,Bogotá / El Dorado,4.70306,-74.13833,18-04-2026 18:04:00,SKBO 181800Z 25012KT 220V290 9999 SCT030 19/11 Q1025 NOSIG =,2026-04-18 18:04:00
SKBO,Bogotá / El Dorado,4.70306,-74.13833,18-04-2026 19:04:00,SKBO 181900Z 26011KT 210V330 9999 SCT030TCU 18/10 Q1025 NOSIG RMK TCUN =,2026-04-18 19:04:00
SKBO,Bogotá / El Dorado,4.70306,-74.13833,18-04-2026 20:04:00,SKBO 182000Z 24009KT 210V280 9999 SCT030TCU 18/11 Q1024 NOSIG RMK TCUNW =,2026-04-18 20:04:00
SKBO,Bogotá / El Dorado,4.70306,-74.13833,18-04-2026 20:04:00,SKBO 182019Z 31011KT 260V340 9999 VCSH FEW020TCU BKN030 18/12 Q1024 NOSIG RMK TCUVCSH/NW =,2026-04-18 20:04:00
SKBO,Bogotá / El Dorado,4.70306,-74.13833,18-04-2026 21:04:00,SKBO 182100Z 30010KT 9999 VCSH SCT020TCU SCT040 17/11 Q1024 TEMPO DZ RMK VCSH/SW/NW =,2026-04-18 21:04:00
SKBO,Bogotá / El Dorado,4.70306,-74.13833,18-04-2026 22:04:00,SKBO 182200Z 31009KT 9999 VCSH SCT020TCU BKN040 16/12 Q1024 TEMPO DZ RMK VCSH/NE/N =,2026-04-18 22:04:00
SKBO,Bogotá / El Dorado,4.70306,-74.13833,18-04-2026 23:04:00,SKBO 182300Z 32003KT 290V020 9999 SCT020 SCT080 14/12 Q1024 NOSIG =,2026-04-18 23:04:00
SKBO,Bogotá / El Dorado,4.70306,-74.13833,19-04-2026 00:04:00,SKBO 190000Z 31004KT 260V350 9999 FEW020 SCT050 BKN080 14/12 Q1024 NOSIG =,2026-04-19 00:04:00
SKBO,Bogotá / El Dorado,4.70306,-74.13833,19-04-2026 01:04:00,SKBO 190100Z 33004KT 9999 FEW035 SCT080 12/12 Q1025 NOSIG =,2026-04-19 01:04:00
SKBO,Bogotá / El Dorado,4.70306,-74.13833,19-04-2026 02:04:00,SKBO 190200Z 33002KT 9999 NSC 12/12 Q1025 NOSIG =,2026-04-19 02:04:00
SKBO,Bogotá / El Dorado,4.70306,-74.13833,19-04-2026 03:04:00,SKBO 190300Z VRB05KT 9999 FEW020 BKN040 13/12 Q1026 NOSIG =,2026-04-19 03:04:00
SKBO,Bogotá / El Dorado,4.70306,-74.13833,19-04-2026 04:04:00,SKBO 190400Z 32005KT 9999 BKN060 12/12 Q1027 NOSIG =,2026-04-19 04:04:00
SKBO,Bogotá / El Dorado,4.70306,-74.13833,19-04-2026 05:04:00,SKBO 190500Z 26003KT 190V290 9999 BKN045 OVC060 13/13 Q1027 NOSIG =,2026-04-19 05:04:00
SKBO,Bogotá / El Dorado,4.70306,-74.13833,19-04-2026 06:04:00,SKBO 190600Z VRB02KT 9999 FEW045 BKN060 11/11 Q1026 NOSIG =,2026-04-19 06:04:00
SKBO,Bogotá / El Dorado,4.70306,-74.13833,19-04-2026 07:04:00,SKBO 190700Z VRB02KT 9999 FEW030 BKN060 12/12 Q1026 NOSIG =,2026-04-19 07:04:00
SKBO,Bogotá / El Dorado,4.70306,-74.13833,19-04-2026 08:04:00,SKBO 190800Z 32002KT 9999 FEW030 SCT060 11/11 Q1025 NOSIG =,2026-04-19 08:04:00
SKBO,Bogotá / El Dorado,4.70306,-74.13833,19-04-2026 09:04:00,SKBO 190900Z VRB02KT 9999 FEW010 BKN020 10/10 Q1025 NOSIG =,2026-04-19 09:04:00
SKBO,Bogotá / El Dorado,4.70306,-74.13833,19-04-2026 10:04:00,SKBO 191000Z VRB02KT 9999 BKN020 11/11 Q1025 NOSIG =,2026-04-19 10:04:00
SKBO,Bogotá / El Dorado,4.70306,-74.13833,19-04-2026 10:04:00,SKBO 191029Z VRB02KT 9999 FEW015 SCT020 BKN025 11/11 Q1025 NOSIG =,2026-04-19 10:04:00
SKBO,Bogotá / El Dorado,4.70306,-74.13833,19-04-2026 11:04:00,SKBO 191100Z VRB01KT 9999 VCSH FEW015 BKN020 11/11 Q1025 NOSIG RMK VCSH NE/E =,2026-04-19 11:04:00
SKBO,Bogotá / El Dorado,4.70306,-74.13833,19-04-2026 12:04:00,SKBO 191200Z 05003KT 010V070 9999 4000E BCFG FEW003 SCT025 BKN050 12/12 Q1026 NOSIG RMK BCFG/E/SE =,2026-04-19 12:04:00
SKBO,Bogotá / El Dorado,4.70306,-74.13833,19-04-2026 12:04:00,SKBO 191217Z 06003KT 030V130 9999 VCFG SCT010 BKN030 13/13 Q1026 NOSIG RMK VCFG/SE =,2026-04-19 12:04:00
SKBO,Bogotá / El Dorado,4.70306,-74.13833,19-04-2026 13:04:00,SKBO 191300Z VRB02KT 9999 SCT010 BKN030 13/13 Q1027 NOSIG =,2026-04-19 13:04:00
SKBO,Bogotá / El Dorado,4.70306,-74.13833,19-04-2026 14:04:00,SKBO 191400Z 03003KT 340V060 9999 FEW015 BKN030 14/13 Q1028 NOSIG =,2026-04-19 14:04:00
SKBO,Bogotá / El Dorado,4.70306,-74.13833,19-04-2026 15:04:00,SKBO 191500Z 04005KT 360V080 9999 FEW015 BKN030 16/13 Q1028 NOSIG =,2026-04-19 15:04:00
SKBO,Bogotá / El Dorado,4.70306,-74.13833,19-04-2026 15:04:00,SKBO 191516Z VRB03KT 9999 FEW015 BKN030 18/13 Q1027 NOSIG =,2026-04-19 15:04:00
SKBO,Bogotá / El Dorado,4.70306,-74.13833,19-04-2026 16:04:00,SKBO 191600Z 33006KT 310V020 9999 RA FEW020 BKN030 17/12 Q1027 NOSIG =,2026-04-19 16:04:00
SKBO,Bogotá / El Dorado,4.70306,-74.13833,19-04-2026 17:04:00,SKBO 191700Z 33010KT 9000 RA SCT010TCU BKN030 15/12 Q1027 NOSIG RMK TCUS/W =,2026-04-19 17:04:00
SKBO,Bogotá / El Dorado,4.70306,-74.13833,19-04-2026 17:04:00,SKBO 191714Z 36004KT 310V100 9000 4400SE RA SCT010TCU BKN030 14/13 Q1027 NOSIG RMK TCUSE/W =,2026-04-19 17:04:00
SKBO,Bogotá / El Dorado,4.70306,-74.13833,19-04-2026 18:04:00,SKBO 191800Z 13003KT 090V180 9999 VCSH SCT015 BKN030 15/13 Q1027 RERA NOSIG RMK VCSH/S =,2026-04-19 18:04:00
SKBO,Bogotá / El Dorado,4.70306,-74.13833,19-04-2026 18:04:00,SKBO 191817Z VRB04KT 9999 FEW020 BKN040 17/13 Q1026 RERA NOSIG =,2026-04-19 18:04:00
SKBO,Bogotá / El Dorado,4.70306,-74.13833,19-04-2026 19:04:00,SKBO 191900Z 20004KT 160V250 9999 VCSH FEW020 BKN030 16/13 Q1026 TEMPO DZ RMK VCSH/N =,2026-04-19 19:04:00
SKBO,Bogotá / El Dorado,4.70306,-74.13833,19-04-2026 20:04:00,SKBO 192000Z 34007KT 9999 VCSH FEW010TCU BKN050 16/12 Q1025 TEMPO DZ RMK TCUVCSH/SE =,2026-04-19 20:04:00
SKBO,Bogotá / El Dorado,4.70306,-74.13833,19-04-2026 21:04:00,SKBO 192100Z 36008KT 320V030 9999 VCSH FEW020TCU BKN055 17/12 Q1024 TEMPO DZ RMK VCSH/E =,2026-04-19 21:04:00
SKBO,Bogotá / El Dorado,4.70306,-74.13833,19-04-2026 22:04:00,SKBO 192200Z 34003KT 300V100 9999 FEW020 SCT050 16/13 Q1024 NOSIG =,2026-04-19 22:04:00
SKBO,Bogotá / El Dorado,4.70306,-74.13833,19-04-2026 23:04:00,SKBO 192300Z 35004KT 300V070 9999 FEW020 SCT060 16/12 Q1024 NOSIG =,2026-04-19 23:04:00
SKBO,Bogotá / El Dorado,4.70306,-74.13833,20-04-2026 00:04:00,SKBO 200000Z 33004KT 310V010 9999 FEW030 SCT070 13/12 Q1025 NOSIG =,2026-04-20 00:04:00
SKBO,Bogotá / El Dorado,4.70306,-74.13833,20-04-2026 01:04:00,SKBO 200100Z 30006KT 270V330 9999 SCT040 BKN065 13/12 Q1026 NOSIG =,2026-04-20 01:04:00
SKBO,Bogotá / El Dorado,4.70306,-74.13833,20-04-2026 01:04:00,SKBO 200130Z 32004KT 270V010 9999 -DZ FEW010 SCT047 OVC058 13/12 Q1027 TEMPO RA =,2026-04-20 01:04:00
SKBO,Bogotá / El Dorado,4.70306,-74.13833,20-04-2026 02:04:00,SKBO 200200Z VRB01KT 9999 -DZ SCT035 BKN060 13/13 Q1027 NOSIG =,2026-04-20 02:04:00
SKBO,Bogotá / El Dorado,4.70306,-74.13833,20-04-2026 02:04:00,SKBO 200235Z 27003KT 180V320 9999 FEW035 BKN060 13/13 Q1028 REDZ NOSIG =,2026-04-20 02:04:00
SKBO,Bogotá / El Dorado,4.70306,-74.13833,20-04-2026 03:04:00,SKBO 200300Z 28004KT 190V330 9999 FEW035 BKN060 13/13 Q1028 NOSIG =,2026-04-20 03:04:00
SKBO,Bogotá / El Dorado,4.70306,-74.13833,20-04-2026 04:04:00,SKBO 200400Z VRB03KT 9999 FEW025 SCT060 13/13 Q1028 NOSIG =,2026-04-20 04:04:00
SKBO,Bogotá / El Dorado,4.70306,-74.13833,20-04-2026 05:04:00,SKBO 200500Z VRB02KT 9999 SCT045 BKN080 13/12 Q1028 NOSIG =,2026-04-20 05:04:00
SKBO,Bogotá / El Dorado,4.70306,-74.13833,20-04-2026 06:04:00,SKBO 200600Z 04002KT 9999 SCT050 11/11 Q1027 NOSIG =,2026-04-20 06:04:00
SKBO,Bogotá / El Dorado,4.70306,-74.13833,20-04-2026 07:04:00,SKBO 200700Z VRB02KT 9999 FEW020 11/11 Q1026 WS R14R =,2026-04-20 07:04:00
SKBO,Bogotá / El Dorado,4.70306,-74.13833,20-04-2026 08:04:00,SKBO 200800Z 33004KT 9999 MIFG SCT035 BKN050 09/09 Q1026 TEMPO BCFG =,2026-04-20 08:04:00
SKBO,Bogotá / El Dorado,4.70306,-74.13833,20-04-2026 09:04:00,SKBO 200900Z VRB01KT 9999 SCT040 11/11 Q1026 NOSIG =,2026-04-20 09:04:00
SKBO,Bogotá / El Dorado,4.70306,-74.13833,20-04-2026 10:04:00,SKBO 201000Z VRB01KT 9999 BKN040 10/10 Q1026 NOSIG =,2026-04-20 10:04:00
SKBO,Bogotá / El Dorado,4.70306,-74.13833,20-04-2026 10:04:00,SKBO 201032Z 33004KT 9999 VCFG FEW025 BKN050 10/10 Q1027 NOSIG RMK VCFG / N/SE =,2026-04-20 10:04:00
SKBO,Bogotá / El Dorado,4.70306,-74.13833,20-04-2026 11:04:00,SKBO 201100Z VRB01KT 9000 VCFG FEW020 BKN050 10/10 Q1027 NOSIG RMK VCFG NE/SE =,2026-04-20 11:04:00
SKBO,Bogotá / El Dorado,4.70306,-74.13833,20-04-2026 12:04:00,SKBO 201200Z 35003KT 9999 SCT020 BKN037 11/11 Q1027 NOSIG =,2026-04-20 12:04:00
SKBO,Bogotá / El Dorado,4.70306,-74.13833,20-04-2026 13:04:00,SKBO 201300Z 33003KT 260V010 9999 SCT024 BKN044 13/12 Q1028 NOSIG =,2026-04-20 13:04:00
SKBO,Bogotá / El Dorado,4.70306,-74.13833,20-04-2026 14:04:00,SKBO 201400Z 30004KT 240V350 9999 SCT028 BKN041 14/12 Q1029 NOSIG =,2026-04-20 14:04:00
SKBO,Bogotá / El Dorado,4.70306,-74.13833,20-04-2026 14:04:00,SKBO 201442Z VRB03KT 9999 SCT035 17/12 Q1028 NOSIG =,2026-04-20 14:04:00
SKBO,Bogotá / El Dorado,4.70306,-74.13833,20-04-2026 15:04:00,SKBO 201500Z VRB04KT 9999 SCT035 17/12 Q1028 NOSIG =,2026-04-20 15:04:00
SKBO,Bogotá / El Dorado,4.70306,-74.13833,20-04-2026 16:04:00,SKBO 201600Z VRB03KT 9999 SCT033 19/11 Q1028 NOSIG =,2026-04-20 16:04:00
SKBO,Bogotá / El Dorado,4.70306,-74.13833,20-04-2026 17:04:00,SKBO 201700Z 32008KT 280V350 9999 FEW020TCU SCT035 19/12 Q1027 NOSIG RMK TCUW =,2026-04-20 17:04:00
SKBO,Bogotá / El Dorado,4.70306,-74.13833,20-04-2026 17:04:00,SKBO 201717Z 24011KT 220V290 9999 SCT020TCU SCT040 19/11 Q1027 NOSIG =,2026-04-20 17:04:00
SKBO,Bogotá / El Dorado,4.70306,-74.13833,20-04-2026 18:04:00,SKBO 201800Z 27010KT 9999 VCSH SCT020TCU SCT040 18/12 Q1026 NOSIG RMK TCUVCSH/NW =,2026-04-20 18:04:00
SKBO,Bogotá / El Dorado,4.70306,-74.13833,20-04-2026 19:04:00,SKBO 201900Z 30010KT 9999 VCSH SCT020TCU BKN050 18/10 Q1026 TEMPO RA RMK TCUVCSH/W/NW =,2026-04-20 19:04:00
SKBO,Bogotá / El Dorado,4.70306,-74.13833,20-04-2026 20:04:00,SKBO 202000Z 28012KT 9999 VCSH FEW020TCU SCT050 17/11 Q1025 NOSIG RMK TCUVCSH/E =,2026-04-20 20:04:00
SKBO,Bogotá / El Dorado,4.70306,-74.13833,20-04-2026 21:04:00,SKBO 202100Z 28008KT 230V330 9999 SCT030 SCT070 17/11 Q1024 NOSIG =,2026-04-20 21:04:00
SKBO,Bogotá / El Dorado,4.70306,-74.13833,20-04-2026 22:04:00,SKBO 202200Z 32009KT 9999 SCT030 SCT080 17/10 Q1024 NOSIG =,2026-04-20 22:04:00
SKBO,Bogotá / El Dorado,4.70306,-74.13833,20-04-2026 23:04:00,SKBO 202300Z 31007KT 9999 SCT030 SCT080 15/10 Q1025 NOSIG =,2026-04-20 23:04:00
SKBO,Bogotá / El Dorado,4.70306,-74.13833,21-04-2026 00:04:00,SKBO 210000Z 26005KT 240V320 9999 FEW030 15/10 Q1026 NOSIG =,2026-04-21 00:04:00
SKBO,Bogotá / El Dorado,4.70306,-74.13833,21-04-2026 01:04:00,SKBO 210100Z 29004KT 240V330 9999 NSC 14/12 Q1026 NOSIG =,2026-04-21 01:04:00
SKBO,Bogotá / El Dorado,4.70306,-74.13833,21-04-2026 02:04:00,SKBO 210200Z VRB03KT 9999 FEW030 14/12 Q1027 NOSIG =,2026-04-21 02:04:00
SKBO,Bogotá / El Dorado,4.70306,-74.13833,21-04-2026 03:04:00,SKBO 210300Z VRB02KT 9999 FEW060 13/12 Q1028 NOSIG =,2026-04-21 03:04:00
SKBO,Bogotá / El Dorado,4.70306,-74.13833,21-04-2026 04:04:00,SKBO 210400Z VRB01KT 9999 SCT050 12/12 Q1028 NOSIG =,2026-04-21 04:04:00
SKBO,Bogotá / El Dorado,4.70306,-74.13833,21-04-2026 05:04:00,SKBO 210500Z 34004KT 9999 FEW030 BKN050 12/12 Q1028 NOSIG =,2026-04-21 05:04:00
SKBO,Bogotá / El Dorado,4.70306,-74.13833,21-04-2026 06:04:00,SKBO 210600Z 32003KT 9999 FEW020 BKN030 12/12 Q1027 NOSIG =,2026-04-21 06:04:00
SKBO,Bogotá / El Dorado,4.70306,-74.13833,21-04-2026 07:04:00,SKBO 210700Z VRB01KT 9999 FEW015 SCT030 BKN080 12/11 Q1027 NOSIG =,2026-04-21 07:04:00
SKBO,Bogotá / El Dorado,4.70306,-74.13833,21-04-2026 08:04:00,SKBO 210800Z 29002KT 9999 FEW015 BKN040 11/11 Q1026 NOSIG =,2026-04-21 08:04:00
SKBO,Bogotá / El Dorado,4.70306,-74.13833,21-04-2026 09:04:00,SKBO 210900Z 35003KT 320V020 9999 FEW020 BKN040 10/10 Q1027 NOSIG =,2026-04-21 09:04:00
SKBO,Bogotá / El Dorado,4.70306,-74.13833,21-04-2026 10:04:00,SKBO 211000Z VRB02KT 9999 SCT030 BKN050 11/11 Q1027 NOSIG =,2026-04-21 10:04:00
SKBO,Bogotá / El Dorado,4.70306,-74.13833,21-04-2026 10:04:00,SKBO 211031Z VRB02KT 9999 SCT035 BKN050 11/11 Q1027 NOSIG =,2026-04-21 10:04:00
SKBO,Bogotá / El Dorado,4.70306,-74.13833,21-04-2026 11:04:00,SKBO 211100Z VRB02KT 9999 FEW017 OVC045 11/11 Q1027 NOSIG =,2026-04-21 11:04:00
SKBO,Bogotá / El Dorado,4.70306,-74.13833,21-04-2026 12:04:00,SKBO 211200Z VRB01KT 9999 FEW015 BKN046 12/12 Q1028 NOSIG =,2026-04-21 12:04:00
SKBO,Bogotá / El Dorado,4.70306,-74.13833,21-04-2026 13:04:00,SKBO 211300Z 03004KT 320V110 9000 SCT030 OVC060 13/12 Q1029 NOSIG =,2026-04-21 13:04:00
SKBO,Bogotá / El Dorado,4.70306,-74.13833,21-04-2026 14:04:00,SKBO 211400Z VRB02KT 9999 SCT028 BKN060 15/12 Q1029 NOSIG =,2026-04-21 14:04:00
SKBO,Bogotá / El Dorado,4.70306,-74.13833,21-04-2026 14:04:00,SKBO 211425Z 02004KT 300V100 9999 SCT025 BKN060 17/11 Q1029 NOSIG =,2026-04-21 14:04:00
SKBO,Bogotá / El Dorado,4.70306,-74.13833,21-04-2026 15:04:00,SKBO 211500Z VRB04KT 9999 SCT030 BKN060 17/11 Q1029 NOSIG =,2026-04-21 15:04:00
SKBO,Bogotá / El Dorado,4.70306,-74.13833,21-04-2026 16:04:00,SKBO 211600Z 33006KT 310V010 9999 SCT030 SCT070 18/12 Q1029 NOSIG =,2026-04-21 16:04:00
SKBO,Bogotá / El Dorado,4.70306,-74.13833,21-04-2026 17:04:00,SKBO 211700Z 29009KT 9999 VCSH SCT030 SCT050 19/13 Q1028 NOSIG RMK VCSH/S =,2026-04-21 17:04:00
SKBO,Bogotá / El Dorado,4.70306,-74.13833,21-04-2026 18:04:00,SKBO 211800Z 28013KT 250V320 9999 VCSH SCT030 BKN060 19/13 Q1027 NOSIG RMK VCSH/SE/NW =,2026-04-21 18:04:00
SKBO,Bogotá / El Dorado,4.70306,-74.13833,21-04-2026 19:04:00,SKBO 211900Z 29010KT 240V320 9999 FEW010 SCT045 19/13 Q1026 TEMPO DZ SCT030TCU =,2026-04-21 19:04:00
SKBO,Bogotá / El Dorado,4.70306,-74.13833,21-04-2026 20:04:00,SKBO 212000Z 27012KT 9999 VCSH FEW030TCU SCT040 BKN060 18/12 Q1025 TEMPO DZ=,2026-04-21 20:04:00
SKBO,Bogotá / El Dorado,4.70306,-74.13833,21-04-2026 21:04:00,SKBO 212100Z 28011KT 9999 FEW020TCU SCT082 18/12 Q1025 NOSIG RMK TCUE =,2026-04-21 21:04:00
SKBO,Bogotá / El Dorado,4.70306,-74.13833,21-04-2026 22:04:00,SKBO 212200Z 30008KT 220V330 9999 SCT030 BKN090 16/12 Q1025 NOSIG =,2026-04-21 22:04:00
SKBO,Bogotá / El Dorado,4.70306,-74.13833,21-04-2026 23:04:00,SKBO 212300Z 32006KT 9999 SCT050 15/12 Q1026 NOSIG =,2026-04-21 23:04:00
SKBO,Bogotá / El Dorado,4.70306,-74.13833,22-04-2026 00:04:00,SKBO 220000Z 31006KT 9999 FEW070 14/12 Q1027 NOSIG =,2026-04-22 00:04:00
SKBO,Bogotá / El Dorado,4.70306,-74.13833,22-04-2026 01:04:00,SKBO 220100Z 29005KT 190V330 9999 NSC 14/13 Q1027 NOSIG =,2026-04-22 01:04:00
SKBO,Bogotá / El Dorado,4.70306,-74.13833,22-04-2026 02:04:00,SKBO 220200Z 29004KT 210V010 9999 FEW015 BKN070 13/12 Q1028 NOSIG =,2026-04-22 02:04:00
SKBO,Bogotá / El Dorado,4.70306,-74.13833,22-04-2026 03:04:00,SKBO 220300Z 29006KT 250V310 9999 BKN050 13/12 Q1029 NOSIG =,2026-04-22 03:04:00
SKBO,Bogotá / El Dorado,4.70306,-74.13833,22-04-2026 04:04:00,SKBO 220400Z 29003KT 220V010 9999 FEW015 BKN060 13/12 Q1029 NOSIG =,2026-04-22 04:04:00
SKBO,Bogotá / El Dorado,4.70306,-74.13833,22-04-2026 05:04:00,SKBO 220500Z 31003KT 270V360 9999 SCT030 OVC050 13/12 Q1028 NOSIG =,2026-04-22 05:04:00
SKBO,Bogotá / El Dorado,4.70306,-74.13833,22-04-2026 06:04:00,SKBO 220600Z 30003KT 9999 FEW020 BKN070 12/12 Q1027 NOSIG =,2026-04-22 06:04:00
SKBO,Bogotá / El Dorado,4.70306,-74.13833,22-04-2026 07:04:00,SKBO 220700Z 27002KT 9999 FEW026 BKN050 12/12 Q1027 NOSIG =,2026-04-22 07:04:00
SKBO,Bogotá / El Dorado,4.70306,-74.13833,22-04-2026 08:04:00,SKBO 220800Z VRB02KT 9999 VCSH SCT023 OVC040 13/12 Q1027 RMK VCSH/NW =,2026-04-22 08:04:00
SKBO,Bogotá / El Dorado,4.70306,-74.13833,22-04-2026 09:04:00,SKBO 220900Z 32003KT 9999 -DZ FEW019 OVC040 12/12 Q1027 BECMG FM0930 NSW =,2026-04-22 09:04:00
SKBO,Bogotá / El Dorado,4.70306,-74.13833,22-04-2026 10:04:00,SKBO 221000Z VRB01KT 9999 FEW025 OVC040 12/12 Q1027 REDZ NOSIG =,2026-04-22 10:04:00
SKBO,Bogotá / El Dorado,4.70306,-74.13833,22-04-2026 10:04:00,SKBO 221033Z 34002KT 9999 VCFG BKN036 12/12 Q1027 TEMPO BCFG RMK VCFG/NW/N =,2026-04-22 10:04:00
SKBO,Bogotá / El Dorado,4.70306,-74.13833,22-04-2026 11:04:00,SKBO 221100Z 01002KT 9999 VCFG BKN035 11/11 Q1027 NOSIG RMK VCFG/NW/N =,2026-04-22 11:04:00
SKBO,Bogotá / El Dorado,4.70306,-74.13833,22-04-2026 11:04:00,SKBO 221138Z 33003KT 310V010 9999 4900NE BCFG FEW040 11/11 Q1027 NOSIG =,2026-04-22 11:04:00
SKBO,Bogotá / El Dorado,4.70306,-74.13833,22-04-2026 12:04:00,SKBO 221200Z 33003KT 9999 VCFG NSC 11/11 Q1027 NOSIG =,2026-04-22 12:04:00
SKBO,Bogotá / El Dorado,4.70306,-74.13833,22-04-2026 13:04:00,SKBO 221300Z VRB02KT 9999 VCFG SCT020 14/13 Q1028 NOSIG =,2026-04-22 13:04:00
SKBO,Bogotá / El Dorado,4.70306,-74.13833,22-04-2026 14:04:00,SKBO 221400Z VRB02KT 9000 SCT030 16/12 Q1029 NOSIG RMK HZ=,2026-04-22 14:04:00
SKBO,Bogotá / El Dorado,4.70306,-74.13833,22-04-2026 15:04:00,SKBO 221500Z 31004KT 220V030 9999 SCT040 18/12 Q1028 NOSIG =,2026-04-22 15:04:00
SKBO,Bogotá / El Dorado,4.70306,-74.13833,22-04-2026 16:04:00,SKBO 221600Z 31007KT 260V360 9999 SCT040 19/11 Q1028 NOSIG =,2026-04-22 16:04:00
SKBO,Bogotá / El Dorado,4.70306,-74.13833,22-04-2026 17:04:00,SKBO 221700Z 26011KT 230V290 9999 FEW020 SCT060 20/11 Q1027 NOSIG =,2026-04-22 17:04:00
SKBO,Bogotá / El Dorado,4.70306,-74.13833,22-04-2026 18:04:00,SKBO 221800Z 24013G23KT 190V270 9999 SCT031 19/10 Q1026 =,2026-04-22 18:04:00
SKBO,Bogotá / El Dorado,4.70306,-74.13833,22-04-2026 19:04:00,SKBO 221900Z 23013KT 200V310 9999 SCT033 19/10 Q1025 NOSIG =,2026-04-22 19:04:00
SKBO,Bogotá / El Dorado,4.70306,-74.13833,22-04-2026 20:04:00,SKBO 222000Z 24011KT 210V280 9999 SCT037 19/09 Q1024 NOSIG =,2026-04-22 20:04:00
SKBO,Bogotá / El Dorado,4.70306,-74.13833,22-04-2026 21:04:00,SKBO 222100Z 25010KT 220V280 9999 SCT033 18/09 Q1024 NOSIG =,2026-04-22 21:04:00
SKBO,Bogotá / El Dorado,4.70306,-74.13833,22-04-2026 22:04:00,SKBO 222200Z 26008KT 230V330 9999 SCT031 17/11 Q1024 NOSIG =,2026-04-22 22:04:00
SKBO,Bogotá / El Dorado,4.70306,-74.13833,22-04-2026 23:04:00,SKBO 222300Z 29005KT 250V340 9999 SCT030 16/10 Q1025 NOSIG =,2026-04-22 23:04:00
SKBO,Bogotá / El Dorado,4.70306,-74.13833,23-04-2026 00:04:00,SKBO 230000Z 34004KT 9999 FEW025 SCT060 14/13 Q1026 NOSIG =,2026-04-23 00:04:00
SKBO,Bogotá / El Dorado,4.70306,-74.13833,23-04-2026 01:04:00,SKBO 230100Z 31004KT 280V340 9999 FEW050 13/12 Q1026 NOSIG =,2026-04-23 01:04:00
SKBO,Bogotá / El Dorado,4.70306,-74.13833,23-04-2026 02:04:00,SKBO 230200Z 34005KT 9999 FEW050 13/12 Q1027 NOSIG =,2026-04-23 02:04:00
SKBO,Bogotá / El Dorado,4.70306,-74.13833,23-04-2026 03:04:00,SKBO 230300Z 33002KT 9999 FEW030 BKN055 13/13 Q1028 NOSIG =,2026-04-23 03:04:00
SKBO,Bogotá / El Dorado,4.70306,-74.13833,23-04-2026 04:04:00,SKBO 230400Z 30005KT 250V330 9999 FEW025 SCT060 12/12 Q1028 NOSIG =,2026-04-23 04:04:00
SKBO,Bogotá / El Dorado,4.70306,-74.13833,23-04-2026 05:04:00,SKBO 230500Z 34003KT 9999 FEW025 BKN060 12/12 Q1027 NOSIG =,2026-04-23 05:04:00
SKBO,Bogotá / El Dorado,4.70306,-74.13833,23-04-2026 06:04:00,SKBO 230600Z VRB01KT 9999 BKN060 12/12 Q1027 NOSIG =,2026-04-23 06:04:00
SKBO,Bogotá / El Dorado,4.70306,-74.13833,23-04-2026 06:04:00,SKBO 230610Z 32002KT 9999 -SHRA BKN060 12/12 Q1026 NOSIG =,2026-04-23 06:04:00
SKBO,Bogotá / El Dorado,4.70306,-74.13833,23-04-2026 07:04:00,SKBO 230700Z 31002KT 9999 FEW035 BKN070 12/12 Q1026 RESHRA NOSIG =,2026-04-23 07:04:00
SKBO,Bogotá / El Dorado,4.70306,-74.13833,23-04-2026 08:04:00,SKBO 230800Z 33004KT 9999 BKN070 11/11 Q1025 NOSIG =,2026-04-23 08:04:00
SKBO,Bogotá / El Dorado,4.70306,-74.13833,23-04-2026 09:04:00,SKBO 230900Z 31003KT 290V350 9999 BKN070 12/12 Q1025 NOSIG =,2026-04-23 09:04:00
SKBO,Bogotá / El Dorado,4.70306,-74.13833,23-04-2026 10:04:00,SKBO 231000Z 26002KT 9999 BKN070 12/12 Q1026 NOSIG =,2026-04-23 10:04:00
SKBO,Bogotá / El Dorado,4.70306,-74.13833,23-04-2026 10:04:00,SKBO 231031Z 34002KT 9999 SCT030 BKN060 10/10 Q1026 NOSIG =,2026-04-23 10:04:00
SKBO,Bogotá / El Dorado,4.70306,-74.13833,23-04-2026 11:04:00,SKBO 231100Z 34002KT 9999 VCFG SCT030 BKN060 11/11 Q1026 NOSIG RMK VCFG/N =,2026-04-23 11:04:00
SKBO,Bogotá / El Dorado,4.70306,-74.13833,23-04-2026 12:04:00,SKBO 231200Z 03002KT 9999 VCFG FEW030 SCT080 12/12 Q1027 NOSIG RMK VCFG/E/S =,2026-04-23 12:04:00
SKBO,Bogotá / El Dorado,4.70306,-74.13833,23-04-2026 12:04:00,SKBO 231231Z VRB02KT 9999 VCFG FEW030 14/13 Q1028 NOSIG RMK VCFG/SE/S =,2026-04-23 12:04:00
SKBO,Bogotá / El Dorado,4.70306,-74.13833,23-04-2026 13:04:00,SKBO 231300Z 04003KT 360V080 9999 FEW030 14/13 Q1028 NOSIG =,2026-04-23 13:04:00
SKBO,Bogotá / El Dorado,4.70306,-74.13833,23-04-2026 13:04:00,SKBO 231340Z VRB02KT 9999 SCT035 16/13 Q1028 NOSIG =,2026-04-23 13:04:00
SKBO,Bogotá / El Dorado,4.70306,-74.13833,23-04-2026 14:04:00,SKBO 231400Z 05004KT 350V090 9999 SCT035 17/13 Q1028 NOSIG =,2026-04-23 14:04:00
SKBO,Bogotá / El Dorado,4.70306,-74.13833,23-04-2026 15:04:00,SKBO 231500Z VRB04KT 9999 BKN035 18/11 Q1028 NOSIG =,2026-04-23 15:04:00
SKBO,Bogotá / El Dorado,4.70306,-74.13833,23-04-2026 16:04:00,SKBO 231600Z VRB03KT 9999 BKN040 19/09 Q1028 NOSIG =,2026-04-23 16:04:00
SKBO,Bogotá / El Dorado,4.70306,-74.13833,23-04-2026 16:04:00,SKBO 231604Z 28010KT 250V310 9999 SCT040 18/12 Q1028 NOSIG =,2026-04-23 16:04:00
SKBO,Bogotá / El Dorado,4.70306,-74.13833,23-04-2026 17:04:00,SKBO 231700Z 33011KT 9999 FEW020 BKN051 17/11 Q1027 NOSIG =,2026-04-23 17:04:00
SKBO,Bogotá / El Dorado,4.70306,-74.13833,23-04-2026 17:04:00,SKBO 231726Z 29010KT 250V330 9999 FEW020 BKN050 19/11 Q1026 NOSIG =,2026-04-23 17:04:00
SKBO,Bogotá / El Dorado,4.70306,-74.13833,23-04-2026 18:04:00,SKBO 231800Z 27011KT 240V300 9999 VCSH FEW020 SCT040 18/11 Q1026 NOSIG RMK VCSH/E/SE =,2026-04-23 18:04:00
SKBO,Bogotá / El Dorado,4.70306,-74.13833,23-04-2026 19:04:00,SKBO 231900Z 27012KT 230V310 9999 VCSH FEW015 SCT030 19/11 Q1025 NOSIG RMK VCSH E/SE =,2026-04-23 19:04:00
SKBO,Bogotá / El Dorado,4.70306,-74.13833,23-04-2026 20:04:00,SKBO 232000Z 26010KT 230V300 9999 VCSH FEW020 SCT035 BKN060 18/10 Q1024 NOSIG RMK VCSH NE/SE =,2026-04-23 20:04:00
SKBO,Bogotá / El Dorado,4.70306,-74.13833,23-04-2026 21:04:00,SKBO 232100Z 25007KT 210V280 9999 VCSH FEW020 SCT030 BKN070 17/11 Q1024 NOSIG RMK VCSH/NE =,2026-04-23 21:04:00
SKBO,Bogotá / El Dorado,4.70306,-74.13833,23-04-2026 22:04:00,SKBO 232200Z 33006KT 300V020 9999 SCT020 BKN070 16/12 Q1024 NOSIG =,2026-04-23 22:04:00
SKBO,Bogotá / El Dorado,4.70306,-74.13833,23-04-2026 23:04:00,SKBO 232300Z 31006KT 9999 SCT045 15/11 Q1025 NOSIG =,2026-04-23 23:04:00
SKBO,Bogotá / El Dorado,4.70306,-74.13833,24-04-2026 00:04:00,SKBO 240000Z 31005KT 9999 FEW040 14/12 Q1026 NOSIG =,2026-04-24 00:04:00
SKBO,Bogotá / El Dorado,4.70306,-74.13833,24-04-2026 01:04:00,SKBO 240100Z 31005KT 9999 FEW030 13/12 Q1026 NOSIG =,2026-04-24 01:04:00
SKBO,Bogotá / El Dorado,4.70306,-74.13833,24-04-2026 02:04:00,SKBO 240200Z 31003KT 9999 FEW030 12/12 Q1027 NOSIG =,2026-04-24 02:04:00
SKBO,Bogotá / El Dorado,4.70306,-74.13833,24-04-2026 03:04:00,SKBO 240300Z 34003KT 290V010 9999 SCT033 11/11 Q1028 NOSIG =,2026-04-24 03:04:00
SKBO,Bogotá / El Dorado,4.70306,-74.13833,24-04-2026 04:04:00,SKBO 240400Z 12002KT 9999 SCT080 10/10 Q1028 NOSIG =,2026-04-24 04:04:00
SKBO,Bogotá / El Dorado,4.70306,-74.13833,24-04-2026 04:04:00,SKBO 240433Z VRB03KT 9999 FEW040 12/12 Q1028 NOSIG =,2026-04-24 04:04:00
SKBO,Bogotá / El Dorado,4.70306,-74.13833,24-04-2026 05:04:00,SKBO 240500Z 26005KT 210V320 9000 NSC 12/12 Q1027 NOSIG RMK BR =,2026-04-24 05:04:00
SKBO,Bogotá / El Dorado,4.70306,-74.13833,24-04-2026 05:04:00,SKBO 240514Z 31004KT 270V340 9999 MIFG FEW040 09/09 Q1027 NOSIG =,2026-04-24 05:04:00
SKBO,Bogotá / El Dorado,4.70306,-74.13833,24-04-2026 06:04:00,SKBO 240600Z VRB01KT 9999 VCFG BKN040 10/10 Q1027 NOSIG RMK VCFG/SE =,2026-04-24 06:04:00
SKBO,Bogotá / El Dorado,4.70306,-74.13833,24-04-2026 07:04:00,SKBO 240700Z VRB01KT 9999 VCFG FEW020 BKN035 10/10 Q1026 NOSIG RMK VCFG/SE =,2026-04-24 07:04:00
SKBO,Bogotá / El Dorado,4.70306,-74.13833,24-04-2026 08:04:00,SKBO 240800Z VRB01KT 9999 VCFG FEW030 OVC040 11/11 Q1026 NOSIG RMK VCFG/SE =,2026-04-24 08:04:00
SKBO,Bogotá / El Dorado,4.70306,-74.13833,24-04-2026 09:04:00,SKBO 240900Z 34002KT 9999 VCFG FEW015 OVC045 11/11 Q1026 NOSIG RMK VCFG/SE =,2026-04-24 09:04:00
SKBO,Bogotá / El Dorado,4.70306,-74.13833,24-04-2026 09:04:00,SKBO 240925Z 34004KT 9000 RA FEW005 BKN015 OVC040 11/11 Q1026 NOSIG =,2026-04-24 09:04:00
SKBO,Bogotá / El Dorado,4.70306,-74.13833,24-04-2026 09:04:00,SKBO 240929Z 34004KT 5000 RA FEW005 BKN013 BKN023 11/11 Q1027 NOSIG =,2026-04-24 09:04:00
SKBO,Bogotá / El Dorado,4.70306,-74.13833,24-04-2026 10:04:00,SKBO 241000Z 04003KT 6000 2900NW +RA FEW005 OVC025 11/11 Q1027 NOSIG =,2026-04-24 10:04:00
SKBO,Bogotá / El Dorado,4.70306,-74.13833,24-04-2026 10:04:00,SKBO 241031Z VRB01KT 5000 RA SCT003 BKN028 11/11 Q1027 NOSIG =,2026-04-24 10:04:00
SKBO,Bogotá / El Dorado,4.70306,-74.13833,24-04-2026 11:04:00,SKBO 241100Z VRB02KT 9000 4400SE DZ BR FEW003 SCT026 BKN048 11/11 Q1027 BECMG FM1200 BR =,2026-04-24 11:04:00
SKBO,Bogotá / El Dorado,4.70306,-74.13833,24-04-2026 11:04:00,SKBO 241131Z VRB01KT 8000 3900 DZBR SCT010 BKN051 11/11 Q1028 NOSIG =,2026-04-24 11:04:00
SKBO,Bogotá / El Dorado,4.70306,-74.13833,24-04-2026 12:04:00,SKBO 241200Z VRB01KT 5000 DZ BR SCT030 BKN050 11/11 Q1028 BECMG FM1300 8000 =,2026-04-24 12:04:00
SKBO,Bogotá / El Dorado,4.70306,-74.13833,24-04-2026 12:04:00,SKBO 241215Z VRB02KT 7000 SCT023 BKN060 12/12 Q1028 BECMG FM1300 9000 RMK BR =,2026-04-24 12:04:00
SKBO,Bogotá / El Dorado,4.70306,-74.13833,24-04-2026 13:04:00,SKBO 241300Z 02003KT 330V040 7000 FEW010 SCT025 BKN060 13/13 Q1029 NOSIG RMK BR =,2026-04-24 13:04:00
SKBO,Bogotá / El Dorado,4.70306,-74.13833,24-04-2026 14:04:00,SKBO 241400Z 02003KT 340V050 9000 SCT020 BKN070 14/13 Q1029 NOSIG =,2026-04-24 14:04:00
SKBO,Bogotá / El Dorado,4.70306,-74.13833,24-04-2026 14:04:00,SKBO 241416Z 05003KT 340V120 9999 SCT025 SCT070 16/13 Q1029 NOSIG =,2026-04-24 14:04:00
SKBO,Bogotá / El Dorado,4.70306,-74.13833,24-04-2026 15:04:00,SKBO 241500Z VRB03KT 9999 SCT030 BKN070 17/12 Q1029 NOSIG =,2026-04-24 15:04:00
SKBO,Bogotá / El Dorado,4.70306,-74.13833,24-04-2026 15:04:00,SKBO 241537Z VRB02KT 9999 SCT025 BKN060 19/13 Q1028 NOSIG =,2026-04-24 15:04:00
SKBO,Bogotá / El Dorado,4.70306,-74.13833,24-04-2026 16:04:00,SKBO 241600Z 23004KT 160V320 9999 VCSH SCT025 BKN050 18/11 Q1028 TEMPO DZ RMK VCSH / NW =,2026-04-24 16:04:00
SKBO,Bogotá / El Dorado,4.70306,-74.13833,24-04-2026 16:04:00,SKBO 241609Z 31008KT 240V340 9999 +DZ FEW024 BKN050 17/12 Q1028 BECMG FM1700 NSW =,2026-04-24 16:04:00
SKBO,Bogotá / El Dorado,4.70306,-74.13833,24-04-2026 16:04:00,SKBO 241615Z 31012KT 9999 RA FEW024 BKN050 16/13 Q1028 BECMG FM1700 NSW =,2026-04-24 16:04:00
SKBO,Bogotá / El Dorado,4.70306,-74.13833,24-04-2026 16:04:00,SKBO 241632Z 32007KT 250V350 9999 DZ FEW024 BKN050 14/14 Q1028 BECMG FM1700 NSW =,2026-04-24 16:04:00
SKBO,Bogotá / El Dorado,4.70306,-74.13833,24-04-2026 17:04:00,SKBO 241700Z 34006KT 9000 VCSH SCT030 BKN060 14/14 Q1028 REDZ TEMPO DZ RMK VCSH/NE =,2026-04-24 17:04:00
SKBO,Bogotá / El Dorado,4.70306,-74.13833,24-04-2026 17:04:00,SKBO 241710Z 32007KT 9000 VCSH SCT030 BKN060 16/14 Q1027 REDZ TEMPO DZ RMK VCSH/NE =,2026-04-24 17:04:00
SKBO,Bogotá / El Dorado,4.70306,-74.13833,24-04-2026 18:04:00,SKBO 241800Z 27010KT 9999 DZ FEW015 SCT050 16/13 Q1027 NOSIG =,2026-04-24 18:04:00
SKBO,Bogotá / El Dorado,4.70306,-74.13833,24-04-2026 19:04:00,SKBO 241900Z 27013KT 240V300 9999 VCSH FEW015 BKN040 17/13 Q1025 REDZ NOSIG RMK VCSH/N =,2026-04-24 19:04:00
SKBO,Bogotá / El Dorado,4.70306,-74.13833,24-04-2026 20:04:00,SKBO 242000Z 26012KT 220V290 9999 FEW020 BKN060 17/13 Q1025 NOSIG =,2026-04-24 20:04:00
SKBO,Bogotá / El Dorado,4.70306,-74.13833,24-04-2026 21:04:00,SKBO 242100Z 30008KT 260V330 9999 FEW010 BKN060 18/11 Q1024 NOSIG =,2026-04-24 21:04:00
SKBO,Bogotá / El Dorado,4.70306,-74.13833,24-04-2026 22:04:00,SKBO 242200Z 31005KT 270V020 9999 FEW020TCU BKN050 18/13 Q1024 NOSIG RMK TCUW =,2026-04-24 22:04:00
SKBO,Bogotá / El Dorado,4.70306,-74.13833,24-04-2026 23:04:00,SKBO 242300Z 27007KT 9999 FEW020 BKN070 16/12 Q1025 NOSIG =,2026-04-24 23:04:00
SKBO,Bogotá / El Dorado,4.70306,-74.13833,25-04-2026 00:04:00,SKBO 250000Z VRB05KT 9999 SCT040 BKN080 16/12 Q1025 NOSIG =,2026-04-25 00:04:00
SKBO,Bogotá / El Dorado,4.70306,-74.13833,25-04-2026 01:04:00,SKBO 250100Z 31006KT 9999 SCT040 BKN070 15/12 Q1026 NOSIG =,2026-04-25 01:04:00
SKBO,Bogotá / El Dorado,4.70306,-74.13833,25-04-2026 02:04:00,SKBO 250200Z 31005KT 9999 SCT050 BKN080 14/12 Q1027 NOSIG =,2026-04-25 02:04:00
SKBO,Bogotá / El Dorado,4.70306,-74.13833,25-04-2026 03:04:00,SKBO 250300Z 23004KT 9999 FEW025 BKN080 14/12 Q1028 NOSIG =,2026-04-25 03:04:00
SKBO,Bogotá / El Dorado,4.70306,-74.13833,25-04-2026 04:04:00,SKBO 250400Z 28006KT 220V350 9999 FEW025 BKN080 14/12 Q1028 NOSIG =,2026-04-25 04:04:00
SKBO,Bogotá / El Dorado,4.70306,-74.13833,25-04-2026 05:04:00,SKBO 250500Z 27004KT 240V030 9999 FEW030 BKN080 13/12 Q1027 NOSIG =,2026-04-25 05:04:00
SKBO,Bogotá / El Dorado,4.70306,-74.13833,25-04-2026 06:04:00,SKBO 250600Z 30004KT 9999 SCT040 BKN080 OVC110 12/12 Q1026 NOSIG =,2026-04-25 06:04:00
SKBO,Bogotá / El Dorado,4.70306,-74.13833,25-04-2026 07:04:00,SKBO 250700Z 31004KT 280V360 9999 FEW030 BKN055 12/12 Q1026 NOSIG =,2026-04-25 07:04:00
SKBO,Bogotá / El Dorado,4.70306,-74.13833,25-04-2026 08:04:00,SKBO 250800Z 33003KT 290V010 8000 -RA SCT017 BKN031 12/12 Q1026 NOSIG =,2026-04-25 08:04:00
SKBO,Bogotá / El Dorado,4.70306,-74.13833,25-04-2026 09:04:00,SKBO 250900Z 33003KT 300V360 9999 RA FEW020 BKN040 12/12 Q1026 NOSIG =,2026-04-25 09:04:00
SKBO,Bogotá / El Dorado,4.70306,-74.13833,25-04-2026 09:04:00,SKBO 250920Z 31005KT 7000 +RA SCT030 OVC045 12/12 Q1026 NOSIG =,2026-04-25 09:04:00
SKBO,Bogotá / El Dorado,4.70306,-74.13833,25-04-2026 10:04:00,SKBO 251000Z 30003KT 7000 RA FEW011 BKN045 11/11 Q1027 NOSIG =,2026-04-25 10:04:00
SKBO,Bogotá / El Dorado,4.70306,-74.13833,25-04-2026 10:04:00,SKBO 251030Z VRB02KT 9000 -RA SCT020 OVC050 11/11 Q1027 NOSIG =,2026-04-25 10:04:00
SKBO,Bogotá / El Dorado,4.70306,-74.13833,25-04-2026 11:04:00,SKBO 251100Z 10003KT 030V130 9999 DZ FEW010 SCT025 OVC050 11/11 Q1027 RERA =,2026-04-25 11:04:00
SKBO,Bogotá / El Dorado,4.70306,-74.13833,25-04-2026 11:04:00,SKBO 251120Z VRB03KT 9999 -RA FEW005 SCT010 BKN050 11/11 Q1028 NOSIG =,2026-04-25 11:04:00
SKBO,Bogotá / El Dorado,4.70306,-74.13833,25-04-2026 12:04:00,SKBO 251200Z 02005KT 300V100 9999 -RA FEW005 SCT015 OVC050 11/11 Q1028 NOSIG =,2026-04-25 12:04:00
SKBO,Bogotá / El Dorado,4.70306,-74.13833,25-04-2026 13:04:00,SKBO 251300Z 05004KT 9999 -DZ FEW010 BKN060 11/11 Q1029 RERA NOSIG =,2026-04-25 13:04:00
SKBO,Bogotá / El Dorado,4.70306,-74.13833,25-04-2026 14:04:00,SKBO 251400Z 04005KT 9999 FEW006 SCT015 BKN060 12/12 Q1029 REDZ NOSIG =,2026-04-25 14:04:00
SKBO,Bogotá / El Dorado,4.70306,-74.13833,25-04-2026 15:04:00,SKBO 251500Z VRB02KT 9999 SCT020 BKN070 13/12 Q1029 NOSIG =,2026-04-25 15:04:00
SKBO,Bogotá / El Dorado,4.70306,-74.13833,25-04-2026 16:04:00,SKBO 251600Z 01004KT 310V080 9999 SCT025 BKN070 15/12 Q1029 NOSIG =,2026-04-25 16:04:00
SKBO,Bogotá / El Dorado,4.70306,-74.13833,25-04-2026 17:04:00,SKBO 251700Z VRB03KT 9999 SCT025 BKN070 16/11 Q1028 NOSIG =,2026-04-25 17:04:00
SKBO,Bogotá / El Dorado,4.70306,-74.13833,25-04-2026 18:04:00,SKBO 251800Z 30005KT 270V360 9999 SCT035 18/12 Q1027 NOSIG =,2026-04-25 18:04:00
SKBO,Bogotá / El Dorado,4.70306,-74.13833,25-04-2026 19:04:00,SKBO 251900Z VRB04KT 9999 SCT036 19/11 Q1025 NOSIG =,2026-04-25 19:04:00
SKBO,Bogotá / El Dorado,4.70306,-74.13833,25-04-2026 20:04:00,SKBO 252000Z 27008KT 220V310 9999 FEW020TCU SCT035 19/11 Q1024 NOSIG RMK TCUN =,2026-04-25 20:04:00
SKBO,Bogotá / El Dorado,4.70306,-74.13833,25-04-2026 21:04:00,SKBO 252100Z 26008KT 180V290 9999 FEW025TCU SCT038 18/11 Q1024 NOSIG RMK TCUNW =,2026-04-25 21:04:00
SKBO,Bogotá / El Dorado,4.70306,-74.13833,25-04-2026 22:04:00,SKBO 252200Z VRB06KT 9999 FEW025TCU SCT036 19/11 Q1024 NOSIG RMK TCUSE/NW =,2026-04-25 22:04:00
SKBO,Bogotá / El Dorado,4.70306,-74.13833,25-04-2026 23:04:00,SKBO 252300Z 31007KT 9999 SCT036 16/12 Q1024 NOSIG =,2026-04-25 23:04:00
SKBO,Bogotá / El Dorado,4.70306,-74.13833,26-04-2026 00:04:00,SKBO 260000Z 31005KT 250V350 9999 NSC 15/13 Q1025 NOSIG =,2026-04-26 00:04:00
SKBO,Bogotá / El Dorado,4.70306,-74.13833,26-04-2026 01:04:00,SKBO 260100Z 29004KT 240V330 9999 NSC 14/13 Q1026 NOSIG =,2026-04-26 01:04:00
SKBO,Bogotá / El Dorado,4.70306,-74.13833,26-04-2026 02:04:00,SKBO 260200Z 31004KT 270V340 9999 FEW020 SCT070 13/13 Q1027 NOSIG =,2026-04-26 02:04:00
SKBO,Bogotá / El Dorado,4.70306,-74.13833,26-04-2026 03:04:00,SKBO 260300Z 24004KT 170V300 9999 FEW025 BKN060 13/13 Q1028 NOSIG =,2026-04-26 03:04:00
SKBO,Bogotá / El Dorado,4.70306,-74.13833,26-04-2026 04:04:00,SKBO 260400Z 22004KT 170V260 9999 SCT015 BKN055 14/13 Q1028 NOSIG =,2026-04-26 04:04:00
SKBO,Bogotá / El Dorado,4.70306,-74.13833,26-04-2026 05:04:00,SKBO 260500Z 23004KT 180V270 9999 SCT015 BKN070 14/13 Q1027 NOSIG =,2026-04-26 05:04:00
SKBO,Bogotá / El Dorado,4.70306,-74.13833,26-04-2026 06:04:00,SKBO 260600Z 28003KT 260V360 9999 FEW015 BKN055 13/13 Q1027 NOSIG =,2026-04-26 06:04:00
SKBO,Bogotá / El Dorado,4.70306,-74.13833,26-04-2026 07:04:00,SKBO 260700Z 33002KT 9999 VCSH SCT015 BKN025 12/12 Q1027 TEMPO DZ RMK VCSH/S/SW =,2026-04-26 07:04:00
SKBO,Bogotá / El Dorado,4.70306,-74.13833,26-04-2026 07:04:00,SKBO 260717Z 31003KT 9999 DZ SCT008 BKN013 12/12 Q1027 TEMPO RA =,2026-04-26 07:04:00
SKBO,Bogotá / El Dorado,4.70306,-74.13833,26-04-2026 07:04:00,SKBO 260725Z 27005KT 250V320 8000 3000S RA BKN006 12/12 Q1027 NOSIG =,2026-04-26 07:04:00
SKBO,Bogotá / El Dorado,4.70306,-74.13833,26-04-2026 07:04:00,SKBO 260734Z 25007KT 3000 +RA BKN006 13/13 Q1027 BECMG FM0800 DZ=,2026-04-26 07:04:00
SKBO,Bogotá / El Dorado,4.70306,-74.13833,26-04-2026 08:04:00,SKBO 260800Z 29005KT 250V320 4000 RA SCT004 BKN013 12/12 Q1027 BECMG FM0830 DZ=,2026-04-26 08:04:00
SKBO,Bogotá / El Dorado,4.70306,-74.13833,26-04-2026 08:04:00,SKBO 260808Z 26003KT 210V310 5000 +DZ SCT005 BKN015 11/11 Q1027 NOSIG =,2026-04-26 08:04:00
SKBO,Bogotá / El Dorado,4.70306,-74.13833,26-04-2026 08:04:00,SKBO 260818Z 20003KT 160V230 9999 4900SE DZ FEW005 SCT025 BKN050 11/11 Q1026 NOSIG =,2026-04-26 08:04:00
SKBO,Bogotá / El Dorado,4.70306,-74.13833,26-04-2026 08:04:00,SKBO 260849Z VRB02KT 9999 VCSH FEW005 BKN060 11/11 Q1026 RERA NOSIG =,2026-04-26 08:04:00
SKBO,Bogotá / El Dorado,4.70306,-74.13833,26-04-2026 09:04:00,SKBO 260900Z VRB02KT 9999 VCSH FEW005 BKN060 11/11 Q1026 RERA TEMPO DZ=,2026-04-26 09:04:00
SKBO,Bogotá / El Dorado,4.70306,-74.13833,26-04-2026 09:04:00,SKBO 260913Z VRB01KT 9999 SCT008 BKN060 11/11 Q1026 NOSIG =,2026-04-26 09:04:00
SKBO,Bogotá / El Dorado,4.70306,-74.13833,26-04-2026 10:04:00,SKBO 261000Z 02002KT 9999 SCT005 SCT050 11/11 Q1026 NOSIG =,2026-04-26 10:04:00
SKBO,Bogotá / El Dorado,4.70306,-74.13833,26-04-2026 10:04:00,SKBO 261032Z VRB01KT 9999 MIFG FEW010 BKN060 10/10 Q1027 NOSIG =,2026-04-26 10:04:00
SKBO,Bogotá / El Dorado,4.70306,-74.13833,26-04-2026 11:04:00,SKBO 261100Z 00000KT 9999 MIFG FEW008 SCT070 10/10 Q1027 NOSIG =,2026-04-26 11:04:00
SKBO,Bogotá / El Dorado,4.70306,-74.13833,26-04-2026 12:04:00,SKBO 261200Z 01003KT 340V050 9999 FEW010 12/12 Q1028 NOSIG =,2026-04-26 12:04:00
SKBO,Bogotá / El Dorado,4.70306,-74.13833,26-04-2026 13:04:00,SKBO 261300Z 04003KT 9999 FEW020 14/12 Q1028 NOSIG =,2026-04-26 13:04:00
SKBO,Bogotá / El Dorado,4.70306,-74.13833,26-04-2026 14:04:00,SKBO 261400Z VRB01KT 9999 FEW020 14/11 Q1029 NOSIG =,2026-04-26 14:04:00
SKBO,Bogotá / El Dorado,4.70306,-74.13833,26-04-2026 15:04:00,SKBO 261500Z VRB03KT 9999 FEW030 16/11 Q1028 NOSIG =,2026-04-26 15:04:00
SKBO,Bogotá / El Dorado,4.70306,-74.13833,26-04-2026 15:04:00,SKBO 261510Z 27003KT 9999 FEW030 18/11 Q1028 NOSIG =,2026-04-26 15:04:00
SKBO,Bogotá / El Dorado,4.70306,-74.13833,26-04-2026 16:04:00,SKBO 261600Z 29003KT 9999 SCT030 19/11 Q1028 NOSIG =,2026-04-26 16:04:00
SKBO,Bogotá / El Dorado,4.70306,-74.13833,26-04-2026 17:04:00,SKBO 261700Z VRB03KT 9999 SCT030 20/10 Q1027 NOSIG =,2026-04-26 17:04:00
SKBO,Bogotá / El Dorado,4.70306,-74.13833,26-04-2026 18:04:00,SKBO 261800Z VRB07KT 9999 SCT030TCU BKN060 21/11 Q1025 NOSIG RMK TCUSE/NW =,2026-04-26 18:04:00
SKBO,Bogotá / El Dorado,4.70306,-74.13833,26-04-2026 18:04:00,SKBO 261821Z 26011KT 9999 VCTS SCT030CB BKN070 18/12 Q1025 NOSIG RMK CB VCTS/SE/N =,2026-04-26 18:04:00
SKBO,Bogotá / El Dorado,4.70306,-74.13833,26-04-2026 19:04:00,SKBO 261900Z 27012KT 220V300 9999 VCTS SCT025CB BKN070 19/12 Q1024 NOSIG RMK CB VCTS/NE/SE =,2026-04-26 19:04:00
SKBO,Bogotá / El Dorado,4.70306,-74.13833,26-04-2026 20:04:00,SKBO 262000Z 23010KT 200V260 9999 VCTS VCSH SCT030CB BKN060 19/12 Q1024 NOSIG RMK CB VCTS/E VCSH/NE/E =,2026-04-26 20:04:00
SKBO,Bogotá / El Dorado,4.70306,-74.13833,26-04-2026 21:04:00,SKBO 262100Z VRB04KT 9999 VCTS VCSH SCT030CB BKN050 19/11 Q1024 NOSIG RMK CB VCTS/NE/N VCSH/NE/SE =,2026-04-26 21:04:00
SKBO,Bogotá / El Dorado,4.70306,-74.13833,26-04-2026 21:04:00,SKBO 262115Z 03006KT 320V110 9999 TS VCSH SCT030CB BKN050 16/12 Q1024 BECMG FM2140 DZ RMK CB VCSH/N/E =,2026-04-26 21:04:00
SKBO,Bogotá / El Dorado,4.70306,-74.13833,26-04-2026 21:04:00,SKBO 262135Z VRB05KT 9999 4900SE -RA SCT030CB BKN050 14/12 Q1024 NOSIG =,2026-04-26 21:04:00
SKBO,Bogotá / El Dorado,4.70306,-74.13833,26-04-2026 21:04:00,SKBO 262141Z 07005KT 320V130 9999 4900SE TSRA SCT030CB BKN050 14/13 Q1024 NOSIG =,2026-04-26 21:04:00
SKBO,Bogotá / El Dorado,4.70306,-74.13833,26-04-2026 22:04:00,SKBO 262200Z 09007KT 020V120 9999 4900SE RA SCT025TCU BKN050 14/13 Q1024 RETSRA NOSIG =,2026-04-26 22:04:00
SKBO,Bogotá / El Dorado,4.70306,-74.13833,26-04-2026 22:04:00,SKBO 262235Z 03003KT 010V070 9999 VCSH SCT040 BKN070 13/13 Q1025 RERA NOSIG RMK VCSH/E/SE =,2026-04-26 22:04:00
SKBO,Bogotá / El Dorado,4.70306,-74.13833,26-04-2026 23:04:00,SKBO 262300Z 02003KT 9999 SCT050 BKN080 13/13 Q1025 NOSIG =,2026-04-26 23:04:00
SKBO,Bogotá / El Dorado,4.70306,-74.13833,27-04-2026 00:04:00,SKBO 270000Z VRB01KT 9999 VCTS SCT020CB BKN035 13/13 Q1026 NOSIG RMK CB VCTS/NW =,2026-04-27 00:04:00
SKBO,Bogotá / El Dorado,4.70306,-74.13833,27-04-2026 01:04:00,SKBO 270100Z 34002KT 9999 VCTS SCT020CB BKN040 12/12 Q1026 NOSIG RMK CB VCTS/W/NW =,2026-04-27 01:04:00
SKBO,Bogotá / El Dorado,4.70306,-74.13833,27-04-2026 02:04:00,SKBO 270200Z 34003KT 9999 DZ BKN020 13/13 Q1027 NOSIG =,2026-04-27 02:04:00
SKBO,Bogotá / El Dorado,4.70306,-74.13833,27-04-2026 03:04:00,SKBO 270300Z 01002KT 9999 FEW015 BKN035 13/13 Q1028 REDZ NOSIG =,2026-04-27 03:04:00
SKBO,Bogotá / El Dorado,4.70306,-74.13833,27-04-2026 04:04:00,SKBO 270400Z 02002KT 9999 FEW015 BKN030 13/13 Q1028 NOSIG =,2026-04-27 04:04:00
SKBO,Bogotá / El Dorado,4.70306,-74.13833,27-04-2026 05:04:00,SKBO 270500Z 01002KT 9999 FEW020 SCT040 BKN065 12/12 Q1027 NOSIG =,2026-04-27 05:04:00
SKBO,Bogotá / El Dorado,4.70306,-74.13833,27-04-2026 06:04:00,SKBO 270600Z VRB02KT 9999 SCT030 BKN060 12/12 Q1027 NOSIG =,2026-04-27 06:04:00
SKBO,Bogotá / El Dorado,4.70306,-74.13833,27-04-2026 07:04:00,SKBO 270700Z 33002KT 9999 VCFG SCT020 SCT060 11/11 Q1026 RMK VCFG/N =,2026-04-27 07:04:00
SKBO,Bogotá / El Dorado,4.70306,-74.13833,27-04-2026 08:04:00,SKBO 270800Z 03002KT 9999 FEW010 BKN030 11/11 Q1026 NOSIG =,2026-04-27 08:04:00
SKBO,Bogotá / El Dorado,4.70306,-74.13833,27-04-2026 09:04:00,SKBO 270900Z 34003KT 320V030 9999 SCT020 BKN070 10/10 Q1026 NOSIG =,2026-04-27 09:04:00
SKBO,Bogotá / El Dorado,4.70306,-74.13833,27-04-2026 10:04:00,SKBO 271000Z VRB01KT 9999 FEW010 SCT060 10/10 Q1027 NOSIG =,2026-04-27 10:04:00
SKBO,Bogotá / El Dorado,4.70306,-74.13833,27-04-2026 10:04:00,SKBO 271031Z 36002KT 9999 FEW010 SCT060 10/10 Q1027 NOSIG =,2026-04-27 10:04:00
SKBO,Bogotá / El Dorado,4.70306,-74.13833,27-04-2026 11:04:00,SKBO 271100Z 34002KT 9999 MIFG FEW015 SCT060 09/09 Q1027 NOSIG =,2026-04-27 11:04:00
SKBO,Bogotá / El Dorado,4.70306,-74.13833,27-04-2026 11:04:00,SKBO 271132Z VRB02KT 9999 MIFG FEW015 SCT070 11/11 Q1028 BECMG FM1215 NSW =,2026-04-27 11:04:00
SKBO,Bogotá / El Dorado,4.70306,-74.13833,27-04-2026 12:04:00,SKBO 271200Z VRB02KT 9999 FEW025 SCT080 11/11 Q1028 NOSIG =,2026-04-27 12:04:00
SKBO,Bogotá / El Dorado,4.70306,-74.13833,27-04-2026 12:04:00,SKBO 271236Z 36003KT 9000 FEW030 SCT080 13/13 Q1028 NOSIG RMK HZ=,2026-04-27 12:04:00
SKBO,Bogotá / El Dorado,4.70306,-74.13833,27-04-2026 13:04:00,SKBO 271300Z 02003KT 340V040 9000 FEW030 SCT080 13/13 Q1029 NOSIG RMK HZ=,2026-04-27 13:04:00
SKBO,Bogotá / El Dorado,4.70306,-74.13833,27-04-2026 13:04:00,SKBO 271324Z VRB02KT 9000 FEW030 SCT070 15/13 Q1029 NOSIG RMK HZ=,2026-04-27 13:04:00
SKBO,Bogotá / El Dorado,4.70306,-74.13833,27-04-2026 14:04:00,SKBO 271400Z 01003KT 320V090 9999 FEW030 SCT080 16/12 Q1029 NOSIG =,2026-04-27 14:04:00
SKBO,Bogotá / El Dorado,4.70306,-74.13833,27-04-2026 15:04:00,SKBO 271500Z 34004KT 300V050 9999 SCT030 BKN070 17/11 Q1029 NOSIG =,2026-04-27 15:04:00
SKBO,Bogotá / El Dorado,4.70306,-74.13833,27-04-2026 15:04:00,SKBO 271520Z 31005KT 270V050 9999 SCT030 BKN070 19/12 Q1029 NOSIG =,2026-04-27 15:04:00
SKBO,Bogotá / El Dorado,4.70306,-74.13833,27-04-2026 16:04:00,SKBO 271600Z 31006KT 260V360 9999 SCT030 BKN070 18/12 Q1028 NOSIG =,2026-04-27 16:04:00
SKBO,Bogotá / El Dorado,4.70306,-74.13833,27-04-2026 17:04:00,SKBO 271700Z 31008KT 270V350 9999 VCSH SCT030 BKN060 19/13 Q1028 NOSIG RMK VCSH/SE =,2026-04-27 17:04:00
SKBO,Bogotá / El Dorado,4.70306,-74.13833,27-04-2026 17:04:00,SKBO 271725Z 23011KT 180V260 9999 RA FEW024 BKN035 17/12 Q1027 =,2026-04-27 17:04:00
SKBO,Bogotá / El Dorado,4.70306,-74.13833,27-04-2026 17:04:00,SKBO 271731Z 23010KT 190V260 9999 4000SE RA FEW024TCU BKN030 17/12 Q1027 NOSIG RMK TCUSE/E =,2026-04-27 17:04:00
SKBO,Bogotá / El Dorado,4.70306,-74.13833,27-04-2026 18:04:00,SKBO 271800Z 23008KT 200V260 9000 -RA SCT024 OVC060 17/13 Q1027 NOSIG =,2026-04-27 18:04:00
SKBO,Bogotá / El Dorado,4.70306,-74.13833,27-04-2026 19:04:00,SKBO 271900Z 24010KT 200V280 9999 VCSH BKN057 BKN087 17/13 Q1026 NOSIG =,2026-04-27 19:04:00
SKBO,Bogotá / El Dorado,4.70306,-74.13833,27-04-2026 20:04:00,SKBO 272000Z 23008KT 180V250 9999 VCSH SCT030 BKN070 18/13 Q1025 NOSIG RMK VCSH/S/SE =,2026-04-27 20:04:00
SKBO,Bogotá / El Dorado,4.70306,-74.13833,27-04-2026 21:04:00,SKBO 272100Z 19005KT 150V260 9999 FEW020 BKN090 19/13 Q1024 NOSIG =,2026-04-27 21:04:00
SKBO,Bogotá / El Dorado,4.70306,-74.13833,27-04-2026 22:04:00,SKBO 272200Z VRB02KT 9999 SCT032 BKN048 19/12 Q1024 NOSIG =,2026-04-27 22:04:00
SKBO,Bogotá / El Dorado,4.70306,-74.13833,27-04-2026 23:04:00,SKBO 272300Z 04009KT 9999 FEW017TCU BKN025 16/13 Q1025 BECMG FM2330 RA =,2026-04-27 23:04:00
SKBO,Bogotá / El Dorado,4.70306,-74.13833,27-04-2026 23:04:00,SKBO 272307Z 05005KT 9000 4000SE TSRA FEW020CB BKN030 15/13 Q1026 BECMG FM0030 9999 NSW =,2026-04-27 23:04:00
SKBO,Bogotá / El Dorado,4.70306,-74.13833,27-04-2026 23:04:00,SKBO 272344Z VRB01KT 9000 4000SE -RA FEW014TCU BKN060 14/14 Q1026 RETSRA BECMG FM0100 9999 NSW =,2026-04-27 23:04:00
SKBO,Bogotá / El Dorado,4.70306,-74.13833,28-04-2026 00:04:00,SKBO 280000Z VRB01KT 9000 4000SE -RA FEW020TCU BKN040 14/14 Q1026 BECMG FM0100 9999 NSW =,2026-04-28 00:04:00
SKBO,Bogotá / El Dorado,4.70306,-74.13833,28-04-2026 00:04:00,SKBO 280030Z VRB02KT 9000 -DZ SCT020 BKN040 14/14 Q1027 RERA BECMG FM0130 9999 NSW =,2026-04-28 00:04:00
SKBO,Bogotá / El Dorado,4.70306,-74.13833,28-04-2026 01:04:00,SKBO 280100Z VRB01KT 9000 -DZ SCT030 BKN050 14/14 Q1027 BECMG FM0130 9999 NSW =,2026-04-28 01:04:00
SKBO,Bogotá / El Dorado,4.70306,-74.13833,28-04-2026 02:04:00,SKBO 280200Z 36003KT 330V040 9999 SCT020 BKN060 13/13 Q1028 REDZ NOSIG =,2026-04-28 02:04:00
SKBO,Bogotá / El Dorado,4.70306,-74.13833,28-04-2026 03:04:00,SKBO 280300Z 34004KT 9999 VCSH SCT020 BKN050 13/13 Q1029 NOSIG RMK VCSH/SE =,2026-04-28 03:04:00
SKBO,Bogotá / El Dorado,4.70306,-74.13833,28-04-2026 04:04:00,SKBO 280400Z 34002KT 9999 VCSH SCT025 BKN050 13/13 Q1029 NOSIG RMK VCSH/NE/SE =,2026-04-28 04:04:00
SKBO,Bogotá / El Dorado,4.70306,-74.13833,28-04-2026 05:04:00,SKBO 280500Z 27003KT 200V330 9999 VCSH SCT020 BKN050 14/14 Q1028 NOSIG RMK VCSH/SE/W =,2026-04-28 05:04:00
SKBO,Bogotá / El Dorado,4.70306,-74.13833,28-04-2026 06:04:00,SKBO 280600Z VRB01KT 9999 FEW015 BKN040 13/13 Q1027 NOSIG =,2026-04-28 06:04:00
SKBO,Bogotá / El Dorado,4.70306,-74.13833,28-04-2026 07:04:00,SKBO 280700Z 36002KT 9000 VCFG FEW010 OVC040 13/13 Q1026 TEMPO BR RMK VCFG /NW =,2026-04-28 07:04:00
SKBO,Bogotá / El Dorado,4.70306,-74.13833,28-04-2026 08:04:00,SKBO 280800Z VRB02KT 9000 VCFG FEW010 OVC040 12/12 Q1026 NOSIG RMK VCFG/SE/NW =,2026-04-28 08:04:00
SKBO,Bogotá / El Dorado,4.70306,-74.13833,28-04-2026 09:04:00,SKBO 280900Z VRB01KT 9000 VCFG FEW015 BKN030 OVC070 13/13 Q1026 NOSIG RMK VCFG/SE/NW =,2026-04-28 09:04:00
SKBO,Bogotá / El Dorado,4.70306,-74.13833,28-04-2026 10:04:00,SKBO 281000Z 29002KT 9000 VCFG FEW015 BKN030 OVC070 12/12 Q1026 TEMPO BR RMK VCFG/SE/NW =,2026-04-28 10:04:00
SKBO,Bogotá / El Dorado,4.70306,-74.13833,28-04-2026 10:04:00,SKBO 281029Z 02002KT 9999 VCFG FEW020 SCT035 BKN070 12/12 Q1026 NOSIG RMK VCFG/SE/NW =,2026-04-28 10:04:00
SKBO,Bogotá / El Dorado,4.70306,-74.13833,28-04-2026 11:04:00,SKBO 281100Z 36002KT 8000 VCFG FEW005 BKN040 12/12 Q1026 BECMG FM1230 9000 HZ=,2026-04-28 11:04:00
SKBO,Bogotá / El Dorado,4.70306,-74.13833,28-04-2026 12:04:00,SKBO 281200Z VRB01KT 9999 4900SE BCFG FEW012 BKN025 13/13 Q1027 TEMPO BR RMK BCFG SE/S =,2026-04-28 12:04:00
SKBO,Bogotá / El Dorado,4.70306,-74.13833,28-04-2026 13:04:00,SKBO 281300Z VRB02KT 9999 4900SE BR FEW008 BKN030 14/14 Q1028 NOSIG =,2026-04-28 13:04:00
SKBO,Bogotá / El Dorado,4.70306,-74.13833,28-04-2026 14:04:00,SKBO 281400Z VRB02KT 9000 4400SE HZ FEW003 BKN030 17/13 Q1029 NOSIG =,2026-04-28 14:04:00
SKBO,Bogotá / El Dorado,4.70306,-74.13833,28-04-2026 15:04:00,SKBO 281500Z 15004KT 080V190 9000 FEW020 SCT050 17/12 Q1029 NOSIG RMK HZ=,2026-04-28 15:04:00
SKBO,Bogotá / El Dorado,4.70306,-74.13833,28-04-2026 16:04:00,SKBO 281600Z VRB02KT 9000 FEW020 SCT050 18/12 Q1028 NOSIG RMK HZ=,2026-04-28 16:04:00
SKBO,Bogotá / El Dorado,4.70306,-74.13833,28-04-2026 17:04:00,SKBO 281700Z 27009KT 240V300 9000 VCSH FEW010TCU SCT035 18/14 Q1027 TEMPO DZ RMK TCUVCSH/NE =,2026-04-28 17:04:00
SKBO,Bogotá / El Dorado,4.70306,-74.13833,28-04-2026 17:04:00,SKBO 281730Z 35007KT 6000 -TSRA SCT015CB BKN030 16/15 Q1027 NOSIG RMK CB/NW/N =,2026-04-28 17:04:00
SKBO,Bogotá / El Dorado,4.70306,-74.13833,28-04-2026 18:04:00,SKBO 281800Z 32009KT 5000 RA SCT015TCU BKN040 15/14 Q1026 RETSRA NOSIG =,2026-04-28 18:04:00
SKBO,Bogotá / El Dorado,4.70306,-74.13833,28-04-2026 18:04:00,SKBO 281811Z 31008KT 270V330 7000 -RA SCT015TCU BKN040 16/15 Q1026 NOSIG RMK TCUSE/W =,2026-04-28 18:04:00
SKBO,Bogotá / El Dorado,4.70306,-74.13833,28-04-2026 19:04:00,SKBO 281900Z 29007KT 230V310 8000 VCSH SCT020TCU BKN050 17/15 Q1025 RERA NOSIG RMK TCUVCSH/NE/SE =,2026-04-28 19:04:00
SKBO,Bogotá / El Dorado,4.70306,-74.13833,28-04-2026 19:04:00,SKBO 281926Z 27007KT 160V310 8000 VCSH SCT020TCU SCT050 19/15 Q1025 NOSIG RMK TCUVCSH/SE/N =,2026-04-28 19:04:00
SKBO,Bogotá / El Dorado,4.70306,-74.13833,28-04-2026 20:04:00,SKBO 282000Z 28004KT 230V310 9000 VCSH FEW020 SCT030 19/14 Q1024 NOSIG RMK VCSH/SW =,2026-04-28 20:04:00
SKBO,Bogotá / El Dorado,4.70306,-74.13833,28-04-2026 21:04:00,SKBO 282100Z 24010KT 200V280 9999 SCT020 19/14 Q1024 NOSIG =,2026-04-28 21:04:00
SKBO,Bogotá / El Dorado,4.70306,-74.13833,28-04-2026 22:04:00,SKBO 282200Z 30010KT 220V310 8000 VCSH SCT018TCU SCT040 18/14 Q1024 TEMPO RA RMK TCUVCSH/NE/E =,2026-04-28 22:04:00
SKBO,Bogotá / El Dorado,4.70306,-74.13833,28-04-2026 22:04:00,SKBO 282209Z 28007KT 240V320 7000 -TSRA SCT018CB SCT040 18/14 Q1024 NOSIG RMK CB/E/SE =,2026-04-28 22:04:00
SKBO,Bogotá / El Dorado,4.70306,-74.13833,28-04-2026 22:04:00,SKBO 282220Z 29009KT 250V310 8000 3900SE TSRA SCT015CB BKN030 17/15 Q1025 NOSIG =,2026-04-28 22:04:00
SKBO,Bogotá / El Dorado,4.70306,-74.13833,28-04-2026 23:04:00,SKBO 282300Z 28004KT 210V320 7000 RA SCT015CB BKN030 15/14 Q1025 RETSRA NOSIG =,2026-04-28 23:04:00
SKBO,Bogotá / El Dorado,4.70306,-74.13833,29-04-2026 00:04:00,SKBO 290000Z 24003KT 200V290 9000 VCSH SCT020 OVC050 15/15 Q1026 NOSIG RMK VCSH/SE/N =,2026-04-29 00:04:00
SKBO,Bogotá / El Dorado,4.70306,-74.13833,29-04-2026 01:04:00,SKBO 290100Z 36003KT 9999 FEW020 BKN050 15/14 Q1026 REDZ NOSIG =,2026-04-29 01:04:00
SKBO,Bogotá / El Dorado,4.70306,-74.13833,29-04-2026 02:04:00,SKBO 290200Z AUTO VRB02KT 9999 FEW033/// BKN055/// 14/14 Q1027 =,2026-04-29 02:04:00
SKBO,Bogotá / El Dorado,4.70306,-74.13833,29-04-2026 03:04:00,SKBO 290300Z 35002KT 9000 VCSH BKN012 OVC030 13/13 Q1027 NOSIG RMK VCSH/SE =,2026-04-29 03:04:00
SKBO,Bogotá / El Dorado,4.70306,-74.13833,29-04-2026 04:04:00,SKBO 290400Z VRB02KT 9999 VCSH FEW015 BKN050 13/13 Q1028 NOSIG RMK VCSH S/SW =,2026-04-29 04:04:00
SKBO,Bogotá / El Dorado,4.70306,-74.13833,29-04-2026 05:04:00,SKBO 290500Z VRB02KT 9999 FEW025 BKN040 13/13 Q1027 NOSIG =,2026-04-29 05:04:00
SKBO,Bogotá / El Dorado,4.70306,-74.13833,29-04-2026 06:04:00,SKBO 290600Z VRB02KT 8000 VCSH SCT030 BKN070 12/12 Q1026 NOSIG RMK VCSH E/SE =,2026-04-29 06:04:00
SKBO,Bogotá / El Dorado,4.70306,-74.13833,29-04-2026 07:04:00,SKBO 290700Z 35003KT 290V010 9000 -DZ FEW015 BKN060 13/13 Q1027 NOSIG =,2026-04-29 07:04:00
SKBO,Bogotá / El Dorado,4.70306,-74.13833,29-04-2026 08:04:00,SKBO 290800Z VRB02KT 9999 VCSH FEW002 SCT012 BKN060 12/12 Q1025 REDZ TEMPO BR RMK VCSH/S =,2026-04-29 08:04:00
SKBO,Bogotá / El Dorado,4.70306,-74.13833,29-04-2026 09:04:00,SKBO 290900Z 01003KT 9999 FEW002 SCT060 12/12 Q1025 TEMPO BR =,2026-04-29 09:04:00
SKBO,Bogotá / El Dorado,4.70306,-74.13833,29-04-2026 10:04:00,SKBO 291000Z VRB01KT 9999 FEW008 BKN080 12/12 Q1025 TEMPO VCFG =,2026-04-29 10:04:00
SKBO,Bogotá / El Dorado,4.70306,-74.13833,29-04-2026 10:04:00,SKBO 291034Z VRB01KT 9999 VCFG FEW002 SCT035 12/12 Q1025 NOSIG RMK VCFG/NW/N =,2026-04-29 10:04:00
SKBO,Bogotá / El Dorado,4.70306,-74.13833,29-04-2026 11:04:00,SKBO 291100Z 35002KT 9999 VCFG FEW005 SCT035 11/11 Q1025 TEMPO BR RMK VCFG/NW/N =,2026-04-29 11:04:00
SKBO,Bogotá / El Dorado,4.70306,-74.13833,29-04-2026 12:04:00,SKBO 291200Z 36001KT 9999 VCFG FEW010 BKN080 11/11 Q1026 BECMG FM1330 HZ=,2026-04-29 12:04:00
SKBO,Bogotá / El Dorado,4.70306,-74.13833,29-04-2026 12:04:00,SKBO 291217Z VRB02KT 9000 DZ SCT012 BKN080 12/12 Q1026 NOSIG =,2026-04-29 12:04:00
SKBO,Bogotá / El Dorado,4.70306,-74.13833,29-04-2026 13:04:00,SKBO 291300Z VRB02KT 9000 -RA FEW010 SCT040 BKN070 13/13 Q1027 NOSIG =,2026-04-29 13:04:00
SKBO,Bogotá / El Dorado,4.70306,-74.13833,29-04-2026 14:04:00,SKBO 291400Z VRB02KT 9000 4400SE -RA FEW013 BKN045 13/12 Q1029 NOSIG =,2026-04-29 14:04:00
SKBO,Bogotá / El Dorado,4.70306,-74.13833,29-04-2026 14:04:00,SKBO 291436Z 13004KT 090V160 5000 RA FEW010 OVC040 13/13 Q1029 NOSIG =,2026-04-29 14:04:00
SKBO,Bogotá / El Dorado,4.70306,-74.13833,29-04-2026 15:04:00,SKBO 291500Z 12005KT 070V160 7000 RA FEW010 OVC040 13/12 Q1029 NOSIG =,2026-04-29 15:04:00
SKBO,Bogotá / El Dorado,4.70306,-74.13833,29-04-2026 16:04:00,SKBO 291600Z 05005KT 020V080 9999 -DZ FEW010 SCT035 BKN060 13/12 Q1028 BECMG TL1620 NSW =,2026-04-29 16:04:00
SKBO,Bogotá / El Dorado,4.70306,-74.13833,29-04-2026 17:04:00,SKBO 291700Z 07005KT 040V110 9999 FEW013 SCT040 14/12 Q1028 REDZ=,2026-04-29 17:04:00
SKBO,Bogotá / El Dorado,4.70306,-74.13833,29-04-2026 17:04:00,SKBO 291707Z 05005KT 010V100 9999 FEW015 SCT040 16/13 Q1027 REDZ NOSIG =,2026-04-29 17:04:00
SKBO,Bogotá / El Dorado,4.70306,-74.13833,29-04-2026 18:04:00,SKBO 291800Z VRB04KT 9999 FEW030 SCT060 17/12 Q1026 NOSIG =,2026-04-29 18:04:00
SKBO,Bogotá / El Dorado,4.70306,-74.13833,29-04-2026 19:04:00,SKBO 291900Z 08005KT 020V170 9999 SCT045 18/12 Q1025 NOSIG =,2026-04-29 19:04:00
SKBO,Bogotá / El Dorado,4.70306,-74.13833,29-04-2026 20:04:00,SKBO 292000Z VRB05KT 9999 VCSH SCT035 SCT050 19/11 Q1023 NOSIG RMK VCSH/NE =,2026-04-29 20:04:00
SKBO,Bogotá / El Dorado,4.70306,-74.13833,29-04-2026 21:04:00,SKBO 292100Z 03007KT 9999 VCSH SCT030 BKN040 17/13 Q1023 NOSIG RMK VCSH/NE =,2026-04-29 21:04:00
SKBO,Bogotá / El Dorado,4.70306,-74.13833,29-04-2026 22:04:00,SKBO 292200Z 05005KT 020V130 9999 FEW035 SCT045 18/12 Q1023 NOSIG =,2026-04-29 22:04:00
SKBO,Bogotá / El Dorado,4.70306,-74.13833,29-04-2026 23:04:00,SKBO 292300Z 05005KT 9999 SCT035 15/13 Q1023 NOSIG =,2026-04-29 23:04:00
SKBO,Bogotá / El Dorado,4.70306,-74.13833,30-04-2026 00:04:00,SKBO 300000Z 05005KT 9999 SCT040 14/12 Q1025 NOSIG =,2026-04-30 00:04:00
SKBO,Bogotá / El Dorado,4.70306,-74.13833,30-04-2026 01:04:00,SKBO 300100Z 03005KT 9999 FEW020 SCT050 14/12 Q1026 NOSIG =,2026-04-30 01:04:00
SKBO,Bogotá / El Dorado,4.70306,-74.13833,30-04-2026 02:04:00,SKBO 300200Z 05008KT 020V080 9999 FEW020 SCT040 14/12 Q1026 NOSIG =,2026-04-30 02:04:00
SKBO,Bogotá / El Dorado,4.70306,-74.13833,30-04-2026 03:04:00,SKBO 300300Z 05006KT 9999 SCT040 13/12 Q1027 NOSIG =,2026-04-30 03:04:00
SKBO,Bogotá / El Dorado,4.70306,-74.13833,30-04-2026 04:04:00,SKBO 300400Z 07005KT 050V120 9999 FEW020 13/11 Q1027 NOSIG =,2026-04-30 04:04:00
SKBO,Bogotá / El Dorado,4.70306,-74.13833,30-04-2026 05:04:00,SKBO 300500Z 07004KT 9999 NSC 13/11 Q1026 NOSIG =,2026-04-30 05:04:00
SKBO,Bogotá / El Dorado,4.70306,-74.13833,30-04-2026 06:04:00,SKBO 300600Z 02003KT 9999 NSC 11/11 Q1025 NOSIG =,2026-04-30 06:04:00
SKBO,Bogotá / El Dorado,4.70306,-74.13833,30-04-2026 07:04:00,SKBO 300700Z VRB02KT 9999 SCT035 11/11 Q1025 NOSIG =,2026-04-30 07:04:00
SKBO,Bogotá / El Dorado,4.70306,-74.13833,30-04-2026 08:04:00,SKBO 300800Z 06004KT 9999 BKN040 11/11 Q1025 NOSIG =,2026-04-30 08:04:00
SKBO,Bogotá / El Dorado,4.70306,-74.13833,30-04-2026 09:04:00,SKBO 300900Z 36003KT 330V040 9999 SCT040 12/11 Q1024 NOSIG =,2026-04-30 09:04:00
SKBO,Bogotá / El Dorado,4.70306,-74.13833,30-04-2026 10:04:00,SKBO 301000Z 07005KT 010V110 9999 SCT045 12/11 Q1025 NOSIG =,2026-04-30 10:04:00
SKBO,Bogotá / El Dorado,4.70306,-74.13833,30-04-2026 10:04:00,SKBO 301030Z VRB02KT 9999 SCT050 12/11 Q1025 NOSIG =,2026-04-30 10:04:00
SKBO,Bogotá / El Dorado,4.70306,-74.13833,30-04-2026 11:04:00,SKBO 301100Z VRB02KT 9999 FEW050 12/11 Q1025 NOSIG =,2026-04-30 11:04:00
SKBO,Bogotá / El Dorado,4.70306,-74.13833,30-04-2026 12:04:00,SKBO 301200Z VRB04KT 9999 FEW050 13/12 Q1025 NOSIG =,2026-04-30 12:04:00
SKBO,Bogotá / El Dorado,4.70306,-74.13833,30-04-2026 13:04:00,SKBO 301300Z 07006KT 040V130 9999 FEW030 BKN070 14/12 Q1026 NOSIG =,2026-04-30 13:04:00
SKBO,Bogotá / El Dorado,4.70306,-74.13833,30-04-2026 14:04:00,SKBO 301400Z 13009KT 090V160 9999 FEW030 BKN070 17/10 Q1026 NOSIG =,2026-04-30 14:04:00
SKBO,Bogotá / El Dorado,4.70306,-74.13833,30-04-2026 15:04:00,SKBO 301500Z 12009KT 080V190 9999 SCT030 BKN070 17/09 Q1026 NOSIG =,2026-04-30 15:04:00
SKBO,Bogotá / El Dorado,4.70306,-74.13833,30-04-2026 16:04:00,SKBO 301600Z 13008KT 080V160 9999 SCT030 BKN070 18/09 Q1026 NOSIG =,2026-04-30 16:04:00
SKBO,Bogotá / El Dorado,4.70306,-74.13833,30-04-2026 17:04:00,SKBO 301700Z 14008KT 090V170 9999 FEW025 SCT040 BKN080 19/09 Q1026 NOSIG =,2026-04-30 17:04:00
SKBO,Bogotá / El Dorado,4.70306,-74.13833,30-04-2026 18:04:00,SKBO 301800Z 15009KT 9999 FEW025 BKN050 19/09 Q1025 NOSIG =,2026-04-30 18:04:00
SKBO,Bogotá / El Dorado,4.70306,-74.13833,30-04-2026 19:04:00,SKBO 301900Z 14010KT 110V180 9999 SCT050 20/09 Q1024 NOSIG =,2026-04-30 19:04:00
SKBO,Bogotá / El Dorado,4.70306,-74.13833,30-04-2026 20:04:00,SKBO 302000Z 16008KT 130V190 9999 SCT050 21/09 Q1023 NOSIG =,2026-04-30 20:04:00
SKBO,Bogotá / El Dorado,4.70306,-74.13833,30-04-2026 21:04:00,SKBO 302100Z 15006KT 110V210 9999 SCT060 20/07 Q1022 NOSIG =,2026-04-30 21:04:00
SKBO,Bogotá / El Dorado,4.70306,-74.13833,30-04-2026 22:04:00,SKBO 302200Z 17006KT 110V240 9999 SCT060 20/07 Q1021 NOSIG =,2026-04-30 22:04:00
SKBO,Bogotá / El Dorado,4.70306,-74.13833,30-04-2026 23:04:00,SKBO 302300Z VRB02KT 9999 SCT060 18/09 Q1022 NOSIG =,2026-04-30 23:04:00
SKBO,Bogotá / El Dorado,4.70306,-74.13833,01-05-2026 00:05:00,SKBO 010000Z 30007KT 200V350 9999 SCT080 15/11 Q1024 NOSIG =,2026-05-01 00:05:00
SKBO,Bogotá / El Dorado,4.70306,-74.13833,01-05-2026 01:05:00,SKBO 010100Z VRB01KT 9999 SCT070 13/11 Q1025 NOSIG =,2026-05-01 01:05:00
SKBO,Bogotá / El Dorado,4.70306,-74.13833,01-05-2026 02:05:00,SKBO 010200Z VRB01KT 9999 SCT060 13/11 Q1026 NOSIG =,2026-05-01 02:05:00
SKBO,Bogotá / El Dorado,4.70306,-74.13833,01-05-2026 03:05:00,SKBO 010300Z VRB02KT 9999 SCT040 11/11 Q1028 NOSIG =,2026-05-01 03:05:00
SKBO,Bogotá / El Dorado,4.70306,-74.13833,01-05-2026 04:05:00,SKBO 010400Z 04003KT 9999 FEW040 12/11 Q1027 NOSIG =,2026-05-01 04:05:00
SKBO,Bogotá / El Dorado,4.70306,-74.13833,01-05-2026 05:05:00,SKBO 010500Z 36004KT 9999 FEW040 11/10 Q1027 NOSIG =,2026-05-01 05:05:00
SKBO,Bogotá / El Dorado,4.70306,-74.13833,01-05-2026 06:05:00,SKBO 010600Z VRB01KT 9999 FEW040 11/11 Q1027 NOSIG =,2026-05-01 06:05:00
SKBO,Bogotá / El Dorado,4.70306,-74.13833,01-05-2026 07:05:00,SKBO 010700Z 07005KT 9999 FEW040 11/10 Q1026 NOSIG =,2026-05-01 07:05:00
SKBO,Bogotá / El Dorado,4.70306,-74.13833,01-05-2026 08:05:00,SKBO 010800Z 03004KT 9999 FEW040 10/10 Q1025 NOSIG =,2026-05-01 08:05:00
SKBO,Bogotá / El Dorado,4.70306,-74.13833,01-05-2026 09:05:00,SKBO 010900Z 03004KT 9999 FEW040 10/10 Q1025 NOSIG =,2026-05-01 09:05:00
SKBO,Bogotá / El Dorado,4.70306,-74.13833,01-05-2026 10:05:00,SKBO 011000Z 36003KT 9999 FEW020 SCT080 10/10 Q1026 NOSIG =,2026-05-01 10:05:00
SKBO,Bogotá / El Dorado,4.70306,-74.13833,01-05-2026 10:05:00,SKBO 011030Z 04004KT 9999 FEW030 SCT080 10/10 Q1026 NOSIG =,2026-05-01 10:05:00
SKBO,Bogotá / El Dorado,4.70306,-74.13833,01-05-2026 11:05:00,SKBO 011100Z 05004KT 9999 FEW040 SCT080 10/10 Q1026 NOSIG =,2026-05-01 11:05:00
SKBO,Bogotá / El Dorado,4.70306,-74.13833,01-05-2026 11:05:00,SKBO 011138Z 06005KT 9999 FEW050 12/11 Q1026 NOSIG =,2026-05-01 11:05:00
SKBO,Bogotá / El Dorado,4.70306,-74.13833,01-05-2026 12:05:00,SKBO 011200Z 06004KT 9999 FEW060 11/11 Q1026 NOSIG =,2026-05-01 12:05:00
SKBO,Bogotá / El Dorado,4.70306,-74.13833,01-05-2026 13:05:00,SKBO 011300Z 05005KT 010V080 9999 FEW070 14/12 Q1027 NOSIG =,2026-05-01 13:05:00
SKBO,Bogotá / El Dorado,4.70306,-74.13833,01-05-2026 14:05:00,SKBO 011400Z VRB02KT 9999 FEW040 17/10 Q1027 NOSIG =,2026-05-01 14:05:00
SKBO,Bogotá / El Dorado,4.70306,-74.13833,01-05-2026 14:05:00,SKBO 011425Z 15006KT 090V200 9999 FEW040 19/10 Q1027 NOSIG =,2026-05-01 14:05:00
SKBO,Bogotá / El Dorado,4.70306,-74.13833,01-05-2026 15:05:00,SKBO 011500Z 14006KT 040V190 9999 BKN040 19/09 Q1027 NOSIG =,2026-05-01 15:05:00
SKBO,Bogotá / El Dorado,4.70306,-74.13833,01-05-2026 16:05:00,SKBO 011600Z 12009KT 090V150 9999 BKN040 18/09 Q1027 NOSIG =,2026-05-01 16:05:00
SKBO,Bogotá / El Dorado,4.70306,-74.13833,01-05-2026 16:05:00,SKBO 011618Z 10006KT 050V180 9999 BKN040 19/10 Q1027 WS R14L NOSIG =,2026-05-01 16:05:00
SKBO,Bogotá / El Dorado,4.70306,-74.13833,01-05-2026 16:05:00,SKBO 011645Z 17011KT 130V210 9999 SCT045 19/10 Q1027 WS R14L NOSIG =,2026-05-01 16:05:00
SKBO,Bogotá / El Dorado,4.70306,-74.13833,01-05-2026 17:05:00,SKBO 011700Z 17009KT 090V210 9999 SCT045 19/09 Q1027 WS R14L NOSIG =,2026-05-01 17:05:00
SKBO,Bogotá / El Dorado,4.70306,-74.13833,01-05-2026 18:05:00,SKBO 011800Z 11008KT 070V140 9999 FEW030 SCT070 19/10 Q1025 NOSIG =,2026-05-01 18:05:00
SKBO,Bogotá / El Dorado,4.70306,-74.13833,01-05-2026 19:05:00,SKBO 011900Z 14007KT 090V160 9999 SCT030 BKN070 19/10 Q1024 NOSIG =,2026-05-01 19:05:00
SKBO,Bogotá / El Dorado,4.70306,-74.13833,01-05-2026 20:05:00,SKBO 012000Z 13006KT 070V170 9999 FEW040 BKN070 20/10 Q1024 NOSIG =,2026-05-01 20:05:00
SKBO,Bogotá / El Dorado,4.70306,-74.13833,01-05-2026 21:05:00,SKBO 012100Z 15009KT 110V200 9999 SCT040 BKN080 21/10 Q1023 NOSIG =,2026-05-01 21:05:00
SKBO,Bogotá / El Dorado,4.70306,-74.13833,01-05-2026 22:05:00,SKBO 012200Z 15009KT 120V200 9999 FEW030 SCT070 20/09 Q1023 NOSIG =,2026-05-01 22:05:00
SKBO,Bogotá / El Dorado,4.70306,-74.13833,01-05-2026 23:05:00,SKBO 012300Z 10005KT 040V140 9999 FEW040 SCT070 18/10 Q1024 NOSIG =,2026-05-01 23:05:00
SKBO,Bogotá / El Dorado,4.70306,-74.13833,02-05-2026 00:05:00,SKBO 020000Z 08003KT 040V140 9999 FEW050 BKN070 17/10 Q1024 NOSIG =,2026-05-02 00:05:00
SKBO,Bogotá / El Dorado,4.70306,-74.13833,02-05-2026 01:05:00,SKBO 020100Z 22003KT 160V270 9999 FEW030 BKN050 16/12 Q1025 NOSIG =,2026-05-02 01:05:00
SKBO,Bogotá / El Dorado,4.70306,-74.13833,02-05-2026 02:05:00,SKBO 020200Z 22004KT 190V260 9999 FEW015 SCT050 15/13 Q1026 NOSIG =,2026-05-02 02:05:00
SKBO,Bogotá / El Dorado,4.70306,-74.13833,02-05-2026 03:05:00,SKBO 020300Z 34003KT 9999 FEW015 BKN040 14/13 Q1028 NOSIG =,2026-05-02 03:05:00
SKBO,Bogotá / El Dorado,4.70306,-74.13833,02-05-2026 04:05:00,SKBO 020400Z 11007KT 060V140 9999 -DZ SCT020 BKN040 15/13 Q1028 NOSIG =,2026-05-02 04:05:00
SKBO,Bogotá / El Dorado,4.70306,-74.13833,02-05-2026 05:05:00,SKBO 020500Z 05003KT 9999 SCT035 BKN060 13/13 Q1028 REDZ=,2026-05-02 05:05:00
SKBO,Bogotá / El Dorado,4.70306,-74.13833,02-05-2026 06:05:00,SKBO 020600Z 03004KT 9999 FEW025 BKN050 12/12 Q1027 NOSIG =,2026-05-02 06:05:00
SKBO,Bogotá / El Dorado,4.70306,-74.13833,02-05-2026 07:05:00,SKBO 020700Z 31002KT 9999 FEW015 BKN025 13/13 Q1027 NOSIG =,2026-05-02 07:05:00
SKBO,Bogotá / El Dorado,4.70306,-74.13833,02-05-2026 08:05:00,SKBO 020800Z VRB02KT 9999 SCT015 BKN040 13/13 Q1026 NOSIG =,2026-05-02 08:05:00
SKBO,Bogotá / El Dorado,4.70306,-74.13833,02-05-2026 09:05:00,SKBO 020900Z VRB02KT 9999 FEW010 BKN030 13/13 Q1025 NOSIG =,2026-05-02 09:05:00
SKBO,Bogotá / El Dorado,4.70306,-74.13833,02-05-2026 10:05:00,SKBO 021000Z 03003KT 9999 FEW010 OVC060 12/12 Q1026 NOSIG =,2026-05-02 10:05:00
SKBO,Bogotá / El Dorado,4.70306,-74.13833,02-05-2026 10:05:00,SKBO 021032Z VRB02KT 9999 FEW015 OVC060 12/12 Q1026 NOSIG =,2026-05-02 10:05:00
SKBO,Bogotá / El Dorado,4.70306,-74.13833,02-05-2026 11:05:00,SKBO 021100Z 04002KT 9999 FEW020 SCT050 12/12 Q1026 TEMPO DZ=,2026-05-02 11:05:00
SKBO,Bogotá / El Dorado,4.70306,-74.13833,02-05-2026 11:05:00,SKBO 021113Z 05003KT 020V110 9999 4900SE DZ FEW046 OVC066 13/13 Q1027 TEMPO RA =,2026-05-02 11:05:00
SKBO,Bogotá / El Dorado,4.70306,-74.13833,02-05-2026 12:05:00,SKBO 021200Z 04003KT 9999 4900S DZ FEW020 OVC060 13/13 Q1027 NOSIG =,2026-05-02 12:05:00
SKBO,Bogotá / El Dorado,4.70306,-74.13833,02-05-2026 13:05:00,SKBO 021300Z 08003KT 030V150 9999 DZ FEW010 BKN052 14/14 Q1028 NOSIG =,2026-05-02 13:05:00
SKBO,Bogotá / El Dorado,4.70306,-74.13833,02-05-2026 14:05:00,SKBO 021400Z 06005KT 030V090 9999 VCSH FEW010 BKN060 15/14 Q1028 REDZ NOSIG RMK VCSH/NE/S =,2026-05-02 14:05:00
SKBO,Bogotá / El Dorado,4.70306,-74.13833,02-05-2026 14:05:00,SKBO 021436Z 13004KT 040V190 9999 VCSH FEW010 BKN070 17/14 Q1029 TEMPO DZ RMK VCSH/SE/S =,2026-05-02 14:05:00
SKBO,Bogotá / El Dorado,4.70306,-74.13833,02-05-2026 15:05:00,SKBO 021500Z 14004KT 090V170 9999 DZ FEW010 OVC068 17/13 Q1029 NOSIG =,2026-05-02 15:05:00
SKBO,Bogotá / El Dorado,4.70306,-74.13833,02-05-2026 15:05:00,SKBO 021537Z 10005KT 060V140 9999 4900SE RA FEW019 OVC065 16/13 Q1029 NOSIG =,2026-05-02 15:05:00
SKBO,Bogotá / El Dorado,4.70306,-74.13833,02-05-2026 16:05:00,SKBO 021600Z 11007KT 060V150 9000 4400SE +RA FEW015 OVC055 16/13 Q1029 NOSIG =,2026-05-02 16:05:00
SKBO,Bogotá / El Dorado,4.70306,-74.13833,02-05-2026 16:05:00,SKBO 021618Z 10004KT 050V140 8000 RA FEW017 OVC060 15/13 Q1029 NOSIG =,2026-05-02 16:05:00
SKBO,Bogotá / El Dorado,4.70306,-74.13833,02-05-2026 17:05:00,SKBO 021700Z 11006KT 080V140 8000 RA FEW023 OVC060 14/13 Q1029 NOSIG =,2026-05-02 17:05:00
SKBO,Bogotá / El Dorado,4.70306,-74.13833,02-05-2026 18:05:00,SKBO 021800Z 08006KT 040V140 9999 DZ FEW010 SCT030 OVC050 14/13 Q1028 RERA NOSIG =,2026-05-02 18:05:00
SKBO,Bogotá / El Dorado,4.70306,-74.13833,02-05-2026 19:05:00,SKBO 021900Z 08003KT 020V140 9999 VCSH FEW012 BKN055 15/13 Q1027 RERA NOSIG RMK VCSH W/NW =,2026-05-02 19:05:00
SKBO,Bogotá / El Dorado,4.70306,-74.13833,02-05-2026 20:05:00,SKBO 022000Z 23004KT 180V270 9999 FEW015 BKN070 16/13 Q1026 NOSIG =,2026-05-02 20:05:00
SKBO,Bogotá / El Dorado,4.70306,-74.13833,02-05-2026 21:05:00,SKBO 022100Z VRB01KT 9999 FEW025 SCT035 BKN070 17/13 Q1025 NOSIG =,2026-05-02 21:05:00
SKBO,Bogotá / El Dorado,4.70306,-74.13833,02-05-2026 22:05:00,SKBO 022200Z 18004KT 130V240 9999 FEW025 SCT050 18/12 Q1025 NOSIG =,2026-05-02 22:05:00
SKBO,Bogotá / El Dorado,4.70306,-74.13833,02-05-2026 23:05:00,SKBO 022300Z 12005KT 040V180 9999 FEW030 SCT050 17/12 Q1026 NOSIG =,2026-05-02 23:05:00
SKBO,Bogotá / El Dorado,4.70306,-74.13833,03-05-2026 00:05:00,SKBO 030000Z 09004KT 050V140 9999 FEW035 BKN060 15/13 Q1027 NOSIG =,2026-05-03 00:05:00
SKBO,Bogotá / El Dorado,4.70306,-74.13833,03-05-2026 01:05:00,SKBO 030100Z VRB02KT 9999 SCT045 BKN080 14/13 Q1028 NOSIG =,2026-05-03 01:05:00
SKBO,Bogotá / El Dorado,4.70306,-74.13833,03-05-2026 02:05:00,SKBO 030200Z 01002KT 9999 FEW045 BKN080 13/13 Q1028 NOSIG =,2026-05-03 02:05:00
SKBO,Bogotá / El Dorado,4.70306,-74.13833,03-05-2026 03:05:00,SKBO 030300Z 01002KT 9999 BKN070 12/12 Q1029 NOSIG =,2026-05-03 03:05:00
SKBO,Bogotá / El Dorado,4.70306,-74.13833,03-05-2026 04:05:00,SKBO 030400Z 34002KT 9999 FEW030 BKN070 12/12 Q1029 NOSIG =,2026-05-03 04:05:00
SKBO,Bogotá / El Dorado,4.70306,-74.13833,03-05-2026 05:05:00,SKBO 030500Z 35002KT 9999 FEW040 BKN080 11/11 Q1029 NOSIG =,2026-05-03 05:05:00
SKBO,Bogotá / El Dorado,4.70306,-74.13833,03-05-2026 06:05:00,SKBO 030600Z 29003KT 9999 FEW030 BKN080 11/11 Q1028 NOSIG =,2026-05-03 06:05:00
SKBO,Bogotá / El Dorado,4.70306,-74.13833,03-05-2026 07:05:00,SKBO 030700Z 30001KT 9999 FEW030 BKN080 10/10 Q1027 NOSIG =,2026-05-03 07:05:00
SKBO,Bogotá / El Dorado,4.70306,-74.13833,03-05-2026 08:05:00,SKBO 030800Z 31002KT 9999 R14R/1100N FEW020 BKN080 10/10 Q1027 NOSIG =,2026-05-03 08:05:00
SKBO,Bogotá / El Dorado,4.70306,-74.13833,03-05-2026 09:05:00,SKBO 030900Z VRB01KT 9999 SCT015 BKN035 10/10 Q1027 NOSIG =,2026-05-03 09:05:00
SKBO,Bogotá / El Dorado,4.70306,-74.13833,03-05-2026 10:05:00,SKBO 031000Z 03002KT 9999 SCT015 OVC035 11/11 Q1027 =,2026-05-03 10:05:00
SKBO,Bogotá / El Dorado,4.70306,-74.13833,03-05-2026 10:05:00,SKBO 031032Z 01002KT 9999 SCT020 BKN035 11/11 Q1027 NOSIG =,2026-05-03 10:05:00
SKBO,Bogotá / El Dorado,4.70306,-74.13833,03-05-2026 11:05:00,SKBO 031100Z 04002KT 9000 VCFG SCT018 10/10 Q1027 NOSIG =,2026-05-03 11:05:00
SKBO,Bogotá / El Dorado,4.70306,-74.13833,03-05-2026 12:05:00,SKBO 031200Z 36001KT 8000 VCFG FEW020 11/11 Q1028 NOSIG RMK VCFG/E/SE =,2026-05-03 12:05:00
SKBO,Bogotá / El Dorado,4.70306,-74.13833,03-05-2026 12:05:00,SKBO 031223Z VRB02KT 9000 FEW020 13/13 Q1029 NOSIG RMK BR =,2026-05-03 12:05:00
SKBO,Bogotá / El Dorado,4.70306,-74.13833,03-05-2026 13:05:00,SKBO 031300Z VRB02KT 9999 FEW020 15/13 Q1029 NOSIG =,2026-05-03 13:05:00
SKBO,Bogotá / El Dorado,4.70306,-74.13833,03-05-2026 14:05:00,SKBO 031400Z VRB03KT 9999 SCT020 17/12 Q1030 NOSIG =,2026-05-03 14:05:00
SKBO,Bogotá / El Dorado,4.70306,-74.13833,03-05-2026 15:05:00,SKBO 031500Z 04004KT 350V100 9999 SCT025 18/12 Q1029 NOSIG =,2026-05-03 15:05:00
SKBO,Bogotá / El Dorado,4.70306,-74.13833,03-05-2026 16:05:00,SKBO 031600Z 02004KT 330V090 9999 BKN030 19/12 Q1029 NOSIG =,2026-05-03 16:05:00
SKBO,Bogotá / El Dorado,4.70306,-74.13833,03-05-2026 17:05:00,SKBO 031700Z 08006KT 030V150 9999 BKN030 20/11 Q1028 NOSIG =,2026-05-03 17:05:00
SKBO,Bogotá / El Dorado,4.70306,-74.13833,03-05-2026 18:05:00,SKBO 031800Z 07007KT 060V150 9999 BKN030 21/11 Q1027 NOSIG =,2026-05-03 18:05:00
SKBO,Bogotá / El Dorado,4.70306,-74.13833,03-05-2026 19:05:00,SKBO 031900Z 26008KT 220V300 9999 BKN030 18/14 Q1026 NOSIG =,2026-05-03 19:05:00
SKBO,Bogotá / El Dorado,4.70306,-74.13833,03-05-2026 20:05:00,SKBO 032000Z 26006KT 210V300 9999 BKN035 20/13 Q1025 NOSIG =,2026-05-03 20:05:00
SKBO,Bogotá / El Dorado,4.70306,-74.13833,03-05-2026 21:05:00,SKBO 032100Z 25008KT 200V280 9999 BKN035 19/14 Q1024 NOSIG =,2026-05-03 21:05:00
SKBO,Bogotá / El Dorado,4.70306,-74.13833,03-05-2026 22:05:00,SKBO 032200Z 29011KT 240V320 9999 BKN030 17/13 Q1024 NOSIG =,2026-05-03 22:05:00
SKBO,Bogotá / El Dorado,4.70306,-74.13833,03-05-2026 23:05:00,SKBO 032300Z 27007KT 230V300 9999 4900E -RA SCT017TCU SCT040 16/15 Q1025 NOSIG RMK TCUE =,2026-05-03 23:05:00
SKBO,Bogotá / El Dorado,4.70306,-74.13833,04-05-2026 00:05:00,SKBO 040000Z 25003KT 200V300 9999 -DZ FEW020 BKN050 15/15 Q1026 RERA NOSIG =,2026-05-04 00:05:00
SKBO,Bogotá / El Dorado,4.70306,-74.13833,04-05-2026 01:05:00,SKBO 040100Z VRB02KT 9999 SCT020 BKN050 14/14 Q1027 REDZ NOSIG =,2026-05-04 01:05:00
SKBO,Bogotá / El Dorado,4.70306,-74.13833,04-05-2026 02:05:00,SKBO 040200Z VRB02KT 9999 VCSH FEW012 BKN030 14/14 Q1028 NOSIG RMK VCSH/NW/N =,2026-05-04 02:05:00
SKBO,Bogotá / El Dorado,4.70306,-74.13833,04-05-2026 03:05:00,SKBO 040300Z 34001KT 9999 VCSH FEW012 BKN040 14/14 Q1028 TEMPO DZ RMK VCSH/S =,2026-05-04 03:05:00
SKBO,Bogotá / El Dorado,4.70306,-74.13833,04-05-2026 04:05:00,SKBO 040400Z 28004KT 180V320 9999 -DZ FEW010 BKN035 14/14 Q1029 NOSIG =,2026-05-04 04:05:00
SKBO,Bogotá / El Dorado,4.70306,-74.13833,04-05-2026 05:05:00,SKBO 040500Z VRB01KT 9999 VCSH FEW012 BKN060 14/14 Q1028 REDZ TEMPO DZ RMK VCSH/E/SE =,2026-05-04 05:05:00
SKBO,Bogotá / El Dorado,4.70306,-74.13833,04-05-2026 06:05:00,SKBO 040600Z 36002KT 9999 VCSH FEW020 BKN050 13/13 Q1028 REDZ NOSIG RMK VCSH/S =,2026-05-04 06:05:00
SKBO,Bogotá / El Dorado,4.70306,-74.13833,04-05-2026 06:05:00,SKBO 040628Z VRB02KT 9999 DZ FEW020 BKN050 13/13 Q1027 TEMPO RA =,2026-05-04 06:05:00
SKBO,Bogotá / El Dorado,4.70306,-74.13833,04-05-2026 07:05:00,SKBO 040700Z VRB02KT 9999 -RA FEW020 SCT040 BKN060 13/13 Q1027 NOSIG =,2026-05-04 07:05:00
SKBO,Bogotá / El Dorado,4.70306,-74.13833,04-05-2026 07:05:00,SKBO 040734Z 03004KT 9999 FEW020 SCT040 BKN060 13/13 Q1026 RERA NOSIG =,2026-05-04 07:05:00
SKBO,Bogotá / El Dorado,4.70306,-74.13833,04-05-2026 08:05:00,SKBO 040800Z 02004KT 340V050 9999 FEW020 SCT040 BKN060 13/13 Q1026 NOSIG =,2026-05-04 08:05:00
SKBO,Bogotá / El Dorado,4.70306,-74.13833,04-05-2026 09:05:00,SKBO 040900Z VRB01KT 9999 FEW025 BKN045 13/13 Q1026 NOSIG =,2026-05-04 09:05:00
SKBO,Bogotá / El Dorado,4.70306,-74.13833,04-05-2026 10:05:00,SKBO 041000Z VRB02KT 9999 VCFG FEW020 BKN045 13/13 Q1026 NOSIG RMK VCFG/ E =,2026-05-04 10:05:00
SKBO,Bogotá / El Dorado,4.70306,-74.13833,04-05-2026 10:05:00,SKBO 041031Z VRB01KT 9999 VCFG FEW025 SCT040 BKN060 13/13 Q1027 NOSIG RMK VCFG /N =,2026-05-04 10:05:00
SKBO,Bogotá / El Dorado,4.70306,-74.13833,04-05-2026 11:05:00,SKBO 041100Z VRB01KT 9999 FEW020 SCT040 BKN060 12/12 Q1027 NOSIG =,2026-05-04 11:05:00
SKBO,Bogotá / El Dorado,4.70306,-74.13833,04-05-2026 12:05:00,SKBO 041200Z 33003KT 9999 SCT023 BKN030 13/13 Q1027 NOSIG =,2026-05-04 12:05:00
SKBO,Bogotá / El Dorado,4.70306,-74.13833,04-05-2026 12:05:00,SKBO 041244Z 36003KT 330V030 6000 DZ OVC023 14/14 Q1028 NOSIG =,2026-05-04 12:05:00
SKBO,Bogotá / El Dorado,4.70306,-74.13833,04-05-2026 13:05:00,SKBO 041300Z 01003KT 350V050 4500 DZ BR FEW008 OVC027 14/14 Q1028 NOSIG =,2026-05-04 13:05:00
SKBO,Bogotá / El Dorado,4.70306,-74.13833,04-05-2026 13:05:00,SKBO 041327Z VRB02KT 6000 -DZ BKN034 14/14 Q1029 NOSIG =,2026-05-04 13:05:00
SKBO,Bogotá / El Dorado,4.70306,-74.13833,04-05-2026 14:05:00,SKBO 041400Z VRB02KT 8000 -DZ FEW004 SCT024 BKN030 14/14 Q1029 NOSIG =,2026-05-04 14:05:00
SKBO,Bogotá / El Dorado,4.70306,-74.13833,04-05-2026 15:05:00,SKBO 041500Z 08003KT 010V120 9999 FEW014 SCT030 BKN036 16/13 Q1028 TEMPO DZ=,2026-05-04 15:05:00
SKBO,Bogotá / El Dorado,4.70306,-74.13833,04-05-2026 15:05:00,SKBO 041534Z VRB04KT 9999 SCT023 BKN028 18/13 Q1028 TEMPO DZ=,2026-05-04 15:05:00
SKBO,Bogotá / El Dorado,4.70306,-74.13833,04-05-2026 16:05:00,SKBO 041600Z 12007KT 040V170 9999 SCT023 BKN028 19/12 Q1028 TEMPO DZ=,2026-05-04 16:05:00
SKBO,Bogotá / El Dorado,4.70306,-74.13833,04-05-2026 17:05:00,SKBO 041700Z 12006KT 040V160 9999 VCSH BKN035 19/11 Q1028 TEMPO DZ RMK VCSH/SW/NW =,2026-05-04 17:05:00
SKBO,Bogotá / El Dorado,4.70306,-74.13833,04-05-2026 18:05:00,SKBO 041800Z 15010KT 080V210 9999 VCSH BKN030 19/12 Q1027 NOSIG RMK VCSH/NE/NW =,2026-05-04 18:05:00
SKBO,Bogotá / El Dorado,4.70306,-74.13833,04-05-2026 19:05:00,SKBO 041900Z VRB03KT 9999 VCSH FEW017TCU BKN030 18/13 Q1026 NOSIG RMK TCUVCSH/NW =,2026-05-04 19:05:00
SKBO,Bogotá / El Dorado,4.70306,-74.13833,04-05-2026 19:05:00,SKBO 041917Z 12005KT 9999 VCSH BKN030 20/12 Q1025 NOSIG RMK VCSH/E =,2026-05-04 19:05:00
SKBO,Bogotá / El Dorado,4.70306,-74.13833,04-05-2026 20:05:00,SKBO 042000Z 07005KT 030V180 9999 VCSH BKN030 19/13 Q1025 NOSIG RMK VCSH/NE/S =,2026-05-04 20:05:00
SKBO,Bogotá / El Dorado,4.70306,-74.13833,04-05-2026 21:05:00,SKBO 042100Z 06009KT 9999 -DZ BKN030 17/13 Q1025 NOSIG =,2026-05-04 21:05:00
SKBO,Bogotá / El Dorado,4.70306,-74.13833,04-05-2026 22:05:00,SKBO 042200Z 07005KT 040V130 9999 SCT030 SCT060 18/12 Q1025 NOSIG =,2026-05-04 22:05:00
SKBO,Bogotá / El Dorado,4.70306,-74.13833,04-05-2026 23:05:00,SKBO 042300Z 07005KT 040V140 9999 SCT030 SCT060 17/13 Q1026 NOSIG =,2026-05-04 23:05:00
SKBO,Bogotá / El Dorado,4.70306,-74.13833,05-05-2026 00:05:00,SKBO 050000Z 06005KT 030V090 9999 FEW040 SCT060 16/12 Q1027 NOSIG =,2026-05-05 00:05:00
SKBO,Bogotá / El Dorado,4.70306,-74.13833,05-05-2026 01:05:00,SKBO 050100Z 11005KT 060V150 9999 VCSH SCT030 BKN050 16/12 Q1028 NOSIG RMK VCSH/S =,2026-05-05 01:05:00
SKBO,Bogotá / El Dorado,4.70306,-74.13833,05-05-2026 02:05:00,SKBO 050200Z 04003KT 360V110 9999 FEW005 SCT015 BKN050 15/12 Q1028 NOSIG =,2026-05-05 02:05:00
SKBO,Bogotá / El Dorado,4.70306,-74.13833,05-05-2026 03:05:00,SKBO 050300Z 19004KT 150V240 9999 FEW020 BKN050 15/12 Q1029 NOSIG =,2026-05-05 03:05:00
SKBO,Bogotá / El Dorado,4.70306,-74.13833,05-05-2026 04:05:00,SKBO 050400Z 11006KT 080V150 9999 SCT020 BKN060 15/11 Q1029 NOSIG =,2026-05-05 04:05:00
SKBO,Bogotá / El Dorado,4.70306,-74.13833,05-05-2026 05:05:00,SKBO 050500Z VRB02KT 9999 FEW010 BKN050 14/12 Q1028 NOSIG =,2026-05-05 05:05:00
SKBO,Bogotá / El Dorado,4.70306,-74.13833,05-05-2026 06:05:00,SKBO 050600Z VRB01KT 9999 FEW030 13/11 Q1028 NOSIG =,2026-05-05 06:05:00
SKBO,Bogotá / El Dorado,4.70306,-74.13833,05-05-2026 07:05:00,SKBO 050700Z 36003KT 9999 SCT045 12/12 Q1027 NOSIG =,2026-05-05 07:05:00
SKBO,Bogotá / El Dorado,4.70306,-74.13833,05-05-2026 08:05:00,SKBO 050800Z 08003KT 040V130 9999 BKN050 13/12 Q1027 NOSIG =,2026-05-05 08:05:00
SKBO,Bogotá / El Dorado,4.70306,-74.13833,05-05-2026 09:05:00,SKBO 050900Z VRB02KT 9999 FEW010 BKN050 13/12 Q1027 NOSIG =,2026-05-05 09:05:00
SKBO,Bogotá / El Dorado,4.70306,-74.13833,05-05-2026 10:05:00,SKBO 051000Z 01003KT 9999 FEW020 SCT050 12/12 Q1027 NOSIG =,2026-05-05 10:05:00
SKBO,Bogotá / El Dorado,4.70306,-74.13833,05-05-2026 10:05:00,SKBO 051035Z VRB01KT 9999 NSC 12/12 Q1027 NOSIG =,2026-05-05 10:05:00
SKBO,Bogotá / El Dorado,4.70306,-74.13833,05-05-2026 11:05:00,SKBO 051100Z 02001KT 9999 FEW020 SCT060 11/11 Q1027 NOSIG =,2026-05-05 11:05:00
SKBO,Bogotá / El Dorado,4.70306,-74.13833,05-05-2026 12:05:00,SKBO 051200Z VRB02KT 9999 FEW035 SCT070 13/13 Q1028 NOSIG =,2026-05-05 12:05:00
SKBO,Bogotá / El Dorado,4.70306,-74.13833,05-05-2026 12:05:00,SKBO 051220Z VRB02KT 9999 FEW040 BKN070 15/12 Q1028 NOSIG =,2026-05-05 12:05:00
SKBO,Bogotá / El Dorado,4.70306,-74.13833,05-05-2026 13:05:00,SKBO 051300Z 09004KT 020V140 9999 FEW040 SCT060 BKN085 16/11 Q1028 NOSIG =,2026-05-05 13:05:00
SKBO,Bogotá / El Dorado,4.70306,-74.13833,05-05-2026 13:05:00,SKBO 051333Z 16005KT 060V220 9999 SCT035 BKN080 18/12 Q1028 NOSIG =,2026-05-05 13:05:00
SKBO,Bogotá / El Dorado,4.70306,-74.13833,05-05-2026 14:05:00,SKBO 051400Z 13007KT 080V180 9999 SCT040 BKN080 17/11 Q1029 NOSIG =,2026-05-05 14:05:00
SKBO,Bogotá / El Dorado,4.70306,-74.13833,05-05-2026 15:05:00,SKBO 051500Z 17008KT 140V210 9999 BKN060 18/11 Q1029 NOSIG =,2026-05-05 15:05:00
SKBO,Bogotá / El Dorado,4.70306,-74.13833,05-05-2026 16:05:00,SKBO 051600Z 16010KT 130V200 9999 SCT030 BKN070 19/12 Q1029 NOSIG =,2026-05-05 16:05:00
SKBO,Bogotá / El Dorado,4.70306,-74.13833,05-05-2026 17:05:00,SKBO 051700Z 16012KT 9999 VCSH FEW025TCU SCT040 BKN080 18/13 Q1028 NOSIG RMK TCUNW VCSH/SW/NW =,2026-05-05 17:05:00
SKBO,Bogotá / El Dorado,4.70306,-74.13833,05-05-2026 18:05:00,SKBO 051800Z 13006KT 060V180 9999 VCSH FEW025TCU BKN035 20/12 Q1027 NOSIG RMK VCSH/E =,2026-05-05 18:05:00
SKBO,Bogotá / El Dorado,4.70306,-74.13833,05-05-2026 18:05:00,SKBO 051827Z 11005KT 040V180 9999 RA FEW020TCU BKN040 20/10 Q1027 =,2026-05-05 18:05:00
SKBO,Bogotá / El Dorado,4.70306,-74.13833,05-05-2026 19:05:00,SKBO 051900Z 16008KT 060V190 9999 RA FEW010TCU SCT040 18/12 Q1027 NOSIG =,2026-05-05 19:05:00
SKBO,Bogotá / El Dorado,4.70306,-74.13833,05-05-2026 20:05:00,SKBO 052000Z VRB05KT 9999 SHRA FEW020TCU SCT035 BKN045 17/12 Q1026 NOSIG =,2026-05-05 20:05:00
SKBO,Bogotá / El Dorado,4.70306,-74.13833,05-05-2026 21:05:00,SKBO 052100Z 04004KT 010V080 9999 SHRA FEW020TCU SCT045 BKN055 18/14 Q1026 NOSIG =,2026-05-05 21:05:00
SKBO,Bogotá / El Dorado,4.70306,-74.13833,05-05-2026 22:05:00,SKBO 052200Z VRB02KT 9999 SCT025 18/13 Q1026 RESHRA NOSIG =,2026-05-05 22:05:00
SKBO,Bogotá / El Dorado,4.70306,-74.13833,05-05-2026 22:05:00,SKBO 052204Z 10001KT 9999 SCT025 20/12 Q1026 NOSIG =,2026-05-05 22:05:00
SKBO,Bogotá / El Dorado,4.70306,-74.13833,05-05-2026 23:05:00,SKBO 052300Z 13006KT 9999 SCT020 SCT050 18/10 Q1026 NOSIG =,2026-05-05 23:05:00
SKBO,Bogotá / El Dorado,4.70306,-74.13833,06-05-2026 00:05:00,SKBO 060000Z 11003KT 020V160 9999 SCT040 17/11 Q1027 =,2026-05-06 00:05:00
SKBO,Bogotá / El Dorado,4.70306,-74.13833,06-05-2026 01:05:00,SKBO 060100Z 07004KT 010V150 9999 SCT060 15/12 Q1028 NOSIG =,2026-05-06 01:05:00
SKBO,Bogotá / El Dorado,4.70306,-74.13833,06-05-2026 02:05:00,SKBO 060200Z 02003KT 330V060 9999 FEW025 SCT060 13/12 Q1028 NOSIG =,2026-05-06 02:05:00
SKBO,Bogotá / El Dorado,4.70306,-74.13833,06-05-2026 03:05:00,SKBO 060300Z 08004KT 030V150 9999 FEW035 13/12 Q1029 NOSIG =,2026-05-06 03:05:00
SKBO,Bogotá / El Dorado,4.70306,-74.13833,06-05-2026 04:05:00,SKBO 060400Z 04004KT 9999 SCT060 12/11 Q1029 NOSIG =,2026-05-06 04:05:00
SKBO,Bogotá / El Dorado,4.70306,-74.13833,06-05-2026 04:05:00,SKBO 060430Z 04005KT 350V060 9999 -DZ BKN055 12/12 Q1029 NOSIG =,2026-05-06 04:05:00
SKBO,Bogotá / El Dorado,4.70306,-74.13833,06-05-2026 05:05:00,SKBO 060500Z 05004KT 9999 BKN055 13/12 Q1029 REDZ NOSIG =,2026-05-06 05:05:00
SKBO,Bogotá / El Dorado,4.70306,-74.13833,06-05-2026 05:05:00,SKBO 060538Z 03003KT 350V050 9999 -RA OVC050 13/12 Q1029 NOSIG =,2026-05-06 05:05:00
SKBO,Bogotá / El Dorado,4.70306,-74.13833,06-05-2026 06:05:00,SKBO 060600Z 04004KT 9000 -RA OVC050 13/13 Q1029 NOSIG =,2026-05-06 06:05:00
SKBO,Bogotá / El Dorado,4.70306,-74.13833,06-05-2026 07:05:00,SKBO 060700Z VRB02KT 9999 -RA BKN060 12/12 Q1028 NOSIG =,2026-05-06 07:05:00
SKBO,Bogotá / El Dorado,4.70306,-74.13833,06-05-2026 08:05:00,SKBO 060800Z VRB01KT 9999 -DZ FEW026 SCT052 12/12 Q1028 RERA NOSIG =,2026-05-06 08:05:00
SKBO,Bogotá / El Dorado,4.70306,-74.13833,06-05-2026 09:05:00,SKBO 060900Z 36002KT 9999 FEW020 BKN060 12/12 Q1027 REDZ NOSIG =,2026-05-06 09:05:00
SKBO,Bogotá / El Dorado,4.70306,-74.13833,06-05-2026 10:05:00,SKBO 061000Z VRB02KT 9999 FEW020 BKN030 12/12 Q1028 NOSIG =,2026-05-06 10:05:00
SKBO,Bogotá / El Dorado,4.70306,-74.13833,06-05-2026 11:05:00,SKBO 061100Z VRB02KT 9999 VCSH SCT037 OVC065 12/12 Q1028 TEMPO DZ RMK VCSH/E/NE =,2026-05-06 11:05:00
SKBO,Bogotá / El Dorado,4.70306,-74.13833,06-05-2026 12:05:00,SKBO 061200Z 06004KT 4000 RA SCT010 BKN025 OVC050 13/13 Q1029 NOSIG =,2026-05-06 12:05:00
SKBO,Bogotá / El Dorado,4.70306,-74.13833,06-05-2026 12:05:00,SKBO 061206Z 04003KT 4000 1900NW RA SCT007 BKN020 OVC050 13/13 Q1029 NOSIG =,2026-05-06 12:05:00
SKBO,Bogotá / El Dorado,4.70306,-74.13833,06-05-2026 12:05:00,SKBO 061220Z 02003KT 320V050 9000 4400W RA FEW006 SCT024 OVC060 12/12 Q1029 BECMG FM1240 DZ=,2026-05-06 12:05:00
SKBO,Bogotá / El Dorado,4.70306,-74.13833,06-05-2026 12:05:00,SKBO 061237Z VRB01KT 9000 4400E SHRA FEW006 SCT012 BKN030 13/13 Q1030 TEMPO FM1300 4000 RA =,2026-05-06 12:05:00
SKBO,Bogotá / El Dorado,4.70306,-74.13833,06-05-2026 12:05:00,SKBO 061244Z VRB01KT 4000 SHRA SCT006 BKN020 13/13 Q1030 NOSIG =,2026-05-06 12:05:00
SKBO,Bogotá / El Dorado,4.70306,-74.13833,06-05-2026 13:05:00,SKBO 061300Z VRB01KT 9000 4400NW SHRA SCT006 BKN025 13/13 Q1030 BECMG FM1320 9999 NSW =,2026-05-06 13:05:00
SKBO,Bogotá / El Dorado,4.70306,-74.13833,06-05-2026 13:05:00,SKBO 061315Z 07003KT 030V120 9999 VCSH FEW015 BKN040 14/14 Q1030 RESHRA NOSIG RMK VCSH W/NW =,2026-05-06 13:05:00
SKBO,Bogotá / El Dorado,4.70306,-74.13833,06-05-2026 14:05:00,SKBO 061400Z 09006KT 030V160 9999 FEW009 SCT030 16/14 Q1030 RESHRA NOSIG =,2026-05-06 14:05:00
SKBO,Bogotá / El Dorado,4.70306,-74.13833,06-05-2026 15:05:00,SKBO 061500Z 10007KT 040V190 9999 SCT040 19/10 Q1030 NOSIG =,2026-05-06 15:05:00
SKBO,Bogotá / El Dorado,4.70306,-74.13833,06-05-2026 16:05:00,SKBO 061600Z 11010KT 040V160 9999 SCT040 19/08 Q1030 NOSIG =,2026-05-06 16:05:00
SKBO,Bogotá / El Dorado,4.70306,-74.13833,06-05-2026 17:05:00,SKBO 061700Z 12013KT 080V150 9999 SCT040 19/07 Q1029 NOSIG =,2026-05-06 17:05:00
SKBO,Bogotá / El Dorado,4.70306,-74.13833,06-05-2026 18:05:00,SKBO 061800Z 12010G22KT 050V150 9999 FEW020 SCT050 20/08 Q1028 NOSIG =,2026-05-06 18:05:00
SKBO,Bogotá / El Dorado,4.70306,-74.13833,06-05-2026 19:05:00,SKBO 061900Z 12011KT 9999 FEW020 SCT060 20/08 Q1027 NOSIG =,2026-05-06 19:05:00
SKBO,Bogotá / El Dorado,4.70306,-74.13833,06-05-2026 20:05:00,SKBO 062000Z 14010KT 100V190 9999 FEW020 SCT050 20/08 Q1026 NOSIG =,2026-05-06 20:05:00
SKBO,Bogotá / El Dorado,4.70306,-74.13833,06-05-2026 21:05:00,SKBO 062100Z 08006KT 030V160 9999 SCT060 20/08 Q1026 NOSIG =,2026-05-06 21:05:00
SKBO,Bogotá / El Dorado,4.70306,-74.13833,06-05-2026 22:05:00,SKBO 062200Z 10007KT 050V140 9999 FEW040 19/07 Q1026 NOSIG =,2026-05-06 22:05:00
SKBO,Bogotá / El Dorado,4.70306,-74.13833,06-05-2026 23:05:00,SKBO 062300Z 13008KT 080V150 9999 FEW040 18/07 Q1027 NOSIG =,2026-05-06 23:05:00
SKBO,Bogotá / El Dorado,4.70306,-74.13833,07-05-2026 00:05:00,SKBO 070000Z 12005KT 050V150 9999 FEW050 17/07 Q1027 NOSIG =,2026-05-07 00:05:00
SKBO,Bogotá / El Dorado,4.70306,-74.13833,07-05-2026 01:05:00,SKBO 070100Z 13007KT 100V160 9999 NSC 15/08 Q1028 NOSIG =,2026-05-07 01:05:00
SKBO,Bogotá / El Dorado,4.70306,-74.13833,07-05-2026 02:05:00,SKBO 070200Z 11004KT 050V140 9999 FEW040 15/07 Q1029 NOSIG =,2026-05-07 02:05:00
SKBO,Bogotá / El Dorado,4.70306,-74.13833,07-05-2026 03:05:00,SKBO 070300Z 07004KT 050V120 9999 FEW040 13/08 Q1030 NOSIG =,2026-05-07 03:05:00
SKBO,Bogotá / El Dorado,4.70306,-74.13833,07-05-2026 04:05:00,SKBO 070400Z 02003KT 9999 FEW040 11/10 Q1030 NOSIG =,2026-05-07 04:05:00
SKBO,Bogotá / El Dorado,4.70306,-74.13833,07-05-2026 05:05:00,SKBO 070500Z 04002KT 9999 BKN040 11/10 Q1030 NOSIG =,2026-05-07 05:05:00
SKBO,Bogotá / El Dorado,4.70306,-74.13833,07-05-2026 06:05:00,SKBO 070600Z 06004KT 030V100 9999 BKN050 12/11 Q1029 NOSIG =,2026-05-07 06:05:00
SKBO,Bogotá / El Dorado,4.70306,-74.13833,07-05-2026 07:05:00,SKBO 070700Z VRB02KT 9999 SCT060 11/10 Q1028 NOSIG =,2026-05-07 07:05:00
SKBO,Bogotá / El Dorado,4.70306,-74.13833,07-05-2026 08:05:00,SKBO 070800Z 35003KT 300V110 9999 FEW030 SCT050 BKN080 11/10 Q1028 NOSIG =,2026-05-07 08:05:00
SKBO,Bogotá / El Dorado,4.70306,-74.13833,07-05-2026 09:05:00,SKBO 070900Z VRB03KT 9999 VCSH FEW030 BKN050 OVC080 12/11 Q1028 NOSIG RMK VCSH /SE =,2026-05-07 09:05:00
SKBO,Bogotá / El Dorado,4.70306,-74.13833,07-05-2026 10:05:00,SKBO 071000Z 08003KT 050V150 9999 FEW030 BKN080 11/11 Q1028 NOSIG =,2026-05-07 10:05:00
SKBO,Bogotá / El Dorado,4.70306,-74.13833,07-05-2026 10:05:00,SKBO 071031Z 07004KT 030V120 9999 VCFG FEW040 BKN060 11/11 Q1028 NOSIG RMK VCFG NW/N =,2026-05-07 10:05:00
SKBO,Bogotá / El Dorado,4.70306,-74.13833,07-05-2026 11:05:00,SKBO 071100Z VRB03KT 9999 VCFG VCSH SCT030 BKN050 11/11 Q1028 NOSIG RMK VCSH /SE VCFG /N =,2026-05-07 11:05:00
SKBO,Bogotá / El Dorado,4.70306,-74.13833,07-05-2026 12:05:00,SKBO 071200Z 07003KT 010V120 9999 VCFG FEW010 BKN030 12/12 Q1028 NOSIG RMK VCFG/S/NW =,2026-05-07 12:05:00
SKBO,Bogotá / El Dorado,4.70306,-74.13833,07-05-2026 12:05:00,SKBO 071226Z 05004KT 010V090 9999 VCFG FEW010 BKN035 14/13 Q1029 NOSIG RMK VCFG/S/NW =,2026-05-07 12:05:00
SKBO,Bogotá / El Dorado,4.70306,-74.13833,07-05-2026 13:05:00,SKBO 071300Z VRB04KT 9000 FEW015 SCT040 14/13 Q1029 NOSIG RMK HZ=,2026-05-07 13:05:00
SKBO,Bogotá / El Dorado,4.70306,-74.13833,07-05-2026 13:05:00,SKBO 071315Z 07007KT 030V130 9999 FEW020 SCT040 16/12 Q1029 NOSIG RMK HZ=,2026-05-07 13:05:00
SKBO,Bogotá / El Dorado,4.70306,-74.13833,07-05-2026 14:05:00,SKBO 071400Z 07006KT 020V110 9999 FEW020 BKN035 16/11 Q1029 NOSIG RMK HZ=,2026-05-07 14:05:00
SKBO,Bogotá / El Dorado,4.70306,-74.13833,07-05-2026 15:05:00,SKBO 071500Z 21004KT 150V260 9999 BKN030 18/10 Q1029 NOSIG =,2026-05-07 15:05:00
SKBO,Bogotá / El Dorado,4.70306,-74.13833,07-05-2026 16:05:00,SKBO 071600Z 09008KT 050V140 9999 BKN040 18/10 Q1029 NOSIG =,2026-05-07 16:05:00
SKBO,Bogotá / El Dorado,4.70306,-74.13833,07-05-2026 17:05:00,SKBO 071700Z 12007KT 070V180 9999 VCSH BKN040 18/10 Q1028 TEMPO DZ RMK VCSH/SE =,2026-05-07 17:05:00
SKBO,Bogotá / El Dorado,4.70306,-74.13833,07-05-2026 18:05:00,SKBO 071800Z 13008KT 060V170 9999 SCT030 BKN060 18/10 Q1028 NOSIG =,2026-05-07 18:05:00
SKBO,Bogotá / El Dorado,4.70306,-74.13833,07-05-2026 19:05:00,SKBO 071900Z 17005KT 090V220 9999 RA FEW020 BKN040 18/09 Q1026 NOSIG =,2026-05-07 19:05:00
SKBO,Bogotá / El Dorado,4.70306,-74.13833,07-05-2026 20:05:00,SKBO 072000Z 07005KT 030V110 9999 SCT030 BKN060 17/13 Q1026 RERA NOSIG =,2026-05-07 20:05:00
SKBO,Bogotá / El Dorado,4.70306,-74.13833,07-05-2026 21:05:00,SKBO 072100Z 04004KT 360V070 9999 FEW030 BKN060 18/12 Q1025 NOSIG =,2026-05-07 21:05:00
SKBO,Bogotá / El Dorado,4.70306,-74.13833,07-05-2026 22:05:00,SKBO 072200Z 03007KT 360V070 9999 SCT035 SCT070 18/11 Q1025 NOSIG =,2026-05-07 22:05:00
SKBO,Bogotá / El Dorado,4.70306,-74.13833,07-05-2026 23:05:00,SKBO 072300Z 11003KT 030V170 9999 SCT040 18/11 Q1025 NOSIG =,2026-05-07 23:05:00
SKBO,Bogotá / El Dorado,4.70306,-74.13833,08-05-2026 00:05:00,SKBO 080000Z 25004KT 210V300 9999 FEW040 16/12 Q1026 NOSIG =,2026-05-08 00:05:00
SKBO,Bogotá / El Dorado,4.70306,-74.13833,08-05-2026 01:05:00,SKBO 080100Z 31005KT 270V340 9999 FEW015 SCT035 14/11 Q1027 NOSIG =,2026-05-08 01:05:00
SKBO,Bogotá / El Dorado,4.70306,-74.13833,08-05-2026 02:05:00,SKBO 080200Z VRB02KT 9999 SCT030 12/11 Q1027 NOSIG =,2026-05-08 02:05:00
SKBO,Bogotá / El Dorado,4.70306,-74.13833,08-05-2026 03:05:00,SKBO 080300Z VRB02KT 9999 SCT030 BKN050 12/11 Q1028 NOSIG =,2026-05-08 03:05:00
SKBO,Bogotá / El Dorado,4.70306,-74.13833,08-05-2026 04:05:00,SKBO 080400Z 35003KT 9999 FEW030 BKN050 13/11 Q1028 NOSIG =,2026-05-08 04:05:00
SKBO,Bogotá / El Dorado,4.70306,-74.13833,08-05-2026 05:05:00,SKBO 080500Z 35003KT 9999 FEW030 BKN080 12/12 Q1028 NOSIG =,2026-05-08 05:05:00
SKBO,Bogotá / El Dorado,4.70306,-74.13833,08-05-2026 06:05:00,SKBO 080600Z VRB01KT 9999 BKN070 12/11 Q1027 NOSIG =,2026-05-08 06:05:00
SKBO,Bogotá / El Dorado,4.70306,-74.13833,08-05-2026 07:05:00,SKBO 080700Z VRB01KT 9999 FEW015 BKN050 11/11 Q1027 NOSIG =,2026-05-08 07:05:00
SKBO,Bogotá / El Dorado,4.70306,-74.13833,08-05-2026 08:05:00,SKBO 080800Z VRB02KT 9999 FEW025 BKN050 12/12 Q1026 NOSIG =,2026-05-08 08:05:00
SKBO,Bogotá / El Dorado,4.70306,-74.13833,08-05-2026 09:05:00,SKBO 080900Z VRB01KT 9999 BKN040 11/11 Q1026 NOSIG =,2026-05-08 09:05:00
SKBO,Bogotá / El Dorado,4.70306,-74.13833,08-05-2026 10:05:00,SKBO 081000Z 34003KT 9999 MIFG NSC 10/10 Q1026 TEMPO 5000 BR =,2026-05-08 10:05:00
SKBO,Bogotá / El Dorado,4.70306,-74.13833,08-05-2026 10:05:00,SKBO 081030Z 01002KT 9999 MIFG FEW020 10/10 Q1026 TEMPO 5000 BR =,2026-05-08 10:05:00
SKBO,Bogotá / El Dorado,4.70306,-74.13833,08-05-2026 11:05:00,SKBO 081100Z 04002KT 9999 MIFG FEW005 SCT050 09/09 Q1026 TEMPO 5000 BCFG =,2026-05-08 11:05:00
SKBO,Bogotá / El Dorado,4.70306,-74.13833,08-05-2026 12:05:00,SKBO 081200Z 05003KT 9999 VCFG FEW035 BKN080 10/10 Q1027 NOSIG RMK VCFG SE/S =,2026-05-08 12:05:00
SKBO,Bogotá / El Dorado,4.70306,-74.13833,08-05-2026 12:05:00,SKBO 081211Z 06005KT 9999 VCFG FEW035 BKN080 13/13 Q1027 NOSIG RMK VCFG SE/S =,2026-05-08 12:05:00
SKBO,Bogotá / El Dorado,4.70306,-74.13833,08-05-2026 12:05:00,SKBO 081233Z 06005KT 9999 VCFG FEW040 BKN080 15/12 Q1027 NOSIG RMK VCFG S =,2026-05-08 12:05:00
SKBO,Bogotá / El Dorado,4.70306,-74.13833,08-05-2026 13:05:00,SKBO 081300Z 06005KT 020V110 9999 FEW040 SCT080 15/11 Q1028 NOSIG =,2026-05-08 13:05:00
SKBO,Bogotá / El Dorado,4.70306,-74.13833,08-05-2026 13:05:00,SKBO 081323Z 12005KT 030V160 9999 FEW040 SCT080 17/10 Q1028 NOSIG =,2026-05-08 13:05:00
SKBO,Bogotá / El Dorado,4.70306,-74.13833,08-05-2026 14:05:00,SKBO 081400Z 08005KT 040V150 9999 SCT040 17/10 Q1028 NOSIG =,2026-05-08 14:05:00
SKBO,Bogotá / El Dorado,4.70306,-74.13833,08-05-2026 15:05:00,SKBO 081500Z 07007KT 040V140 9999 BKN045 19/08 Q1028 =,2026-05-08 15:05:00
SKBO,Bogotá / El Dorado,4.70306,-74.13833,08-05-2026 16:05:00,SKBO 081600Z 09006KT 040V150 9999 BKN050 20/08 Q1027 NOSIG =,2026-05-08 16:05:00
SKBO,Bogotá / El Dorado,4.70306,-74.13833,08-05-2026 17:05:00,SKBO 081700Z 09007KT 050V160 9999 BKN050 20/08 Q1026 NOSIG =,2026-05-08 17:05:00
SKBO,Bogotá / El Dorado,4.70306,-74.13833,08-05-2026 18:05:00,SKBO 081800Z 10006KT 010V170 9999 BKN050 21/07 Q1026 NOSIG =,2026-05-08 18:05:00
SKBO,Bogotá / El Dorado,4.70306,-74.13833,08-05-2026 19:05:00,SKBO 081900Z 06008KT 020V120 9999 BKN050 21/09 Q1024 NOSIG =,2026-05-08 19:05:00
SKBO,Bogotá / El Dorado,4.70306,-74.13833,08-05-2026 20:05:00,SKBO 082000Z 10006KT 030V140 9999 FEW030TCU BKN052 20/09 Q1024 NOSIG RMK TCUNW =,2026-05-08 20:05:00
SKBO,Bogotá / El Dorado,4.70306,-74.13833,08-05-2026 21:05:00,SKBO 082100Z 24007KT 130V260 9999 SCT038TCU BKN055 18/13 Q1023 NOSIG RMK TCUSW/NW =,2026-05-08 21:05:00
SKBO,Bogotá / El Dorado,4.70306,-74.13833,08-05-2026 22:05:00,SKBO 082200Z 27005KT 170V310 9999 VCSH FEW025TCU SCT046 18/12 Q1023 NOSIG RMK TCUVCSH/NW =,2026-05-08 22:05:00
SKBO,Bogotá / El Dorado,4.70306,-74.13833,08-05-2026 23:05:00,SKBO 082300Z 29006KT 260V320 9999 VCSH FEW015TCU SCT029 16/14 Q1024 NOSIG RMK TCUVCSH/NW =,2026-05-08 23:05:00
SKBO,Bogotá / El Dorado,4.70306,-74.13833,09-05-2026 00:05:00,SKBO 090000Z VRB02KT 9999 FEW020 SCT080 15/14 Q1025 NOSIG =,2026-05-09 00:05:00
SKBO,Bogotá / El Dorado,4.70306,-74.13833,09-05-2026 01:05:00,SKBO 090100Z VRB02KT 9999 FEW025 13/13 Q1026 NOSIG =,2026-05-09 01:05:00
SKBO,Bogotá / El Dorado,4.70306,-74.13833,09-05-2026 02:05:00,SKBO 090200Z 35003KT 9999 FEW012 11/11 Q1027 NOSIG =,2026-05-09 02:05:00
SKBO,Bogotá / El Dorado,4.70306,-74.13833,09-05-2026 03:05:00,SKBO 090300Z 03002KT 9999 MIFG FEW015 11/11 Q1027 =,2026-05-09 03:05:00
SKBO,Bogotá / El Dorado,4.70306,-74.13833,09-05-2026 04:05:00,SKBO 090400Z 05006KT 9999 FEW010 11/10 Q1027 NOSIG =,2026-05-09 04:05:00
SKBO,Bogotá / El Dorado,4.70306,-74.13833,09-05-2026 05:05:00,SKBO 090500Z 04004KT 9999 FEW015 11/10 Q1027 NOSIG =,2026-05-09 05:05:00
SKBO,Bogotá / El Dorado,4.70306,-74.13833,09-05-2026 06:05:00,SKBO 090600Z 03002KT 9999 FEW010 11/10 Q1027 NOSIG =,2026-05-09 06:05:00
SKBO,Bogotá / El Dorado,4.70306,-74.13833,09-05-2026 07:05:00,SKBO 090700Z 05005KT 9999 FEW020 09/09 Q1026 NOSIG =,2026-05-09 07:05:00
SKBO,Bogotá / El Dorado,4.70306,-74.13833,09-05-2026 08:05:00,SKBO 090800Z 04005KT 9999 NSC 10/10 Q1025 =,2026-05-09 08:05:00
SKBO,Bogotá / El Dorado,4.70306,-74.13833,09-05-2026 09:05:00,SKBO 090900Z 36003KT 9999 NSC 09/09 Q1025 NOSIG =,2026-05-09 09:05:00
SKBO,Bogotá / El Dorado,4.70306,-74.13833,09-05-2026 10:05:00,SKBO 091000Z VRB02KT 9999 NSC 08/08 Q1025 =,2026-05-09 10:05:00
SKBO,Bogotá / El Dorado,4.70306,-74.13833,09-05-2026 10:05:00,SKBO 091042Z 04004KT 9999 VCFG FEW020 08/08 Q1025 NOSIG =,2026-05-09 10:05:00
SKBO,Bogotá / El Dorado,4.70306,-74.13833,09-05-2026 11:05:00,SKBO 091100Z 05005KT 9999 VCFG FEW020 08/08 Q1026 NOSIG RMK VCFG/NW/N =,2026-05-09 11:05:00
SKBO,Bogotá / El Dorado,4.70306,-74.13833,09-05-2026 11:05:00,SKBO 091130Z 06005KT 030V090 9999 VCFG FEW020 10/10 Q1026 NOSIG RMK VCFG/NE/N =,2026-05-09 11:05:00
SKBO,Bogotá / El Dorado,4.70306,-74.13833,09-05-2026 12:05:00,SKBO 091200Z 07005KT 040V120 9999 VCFG NSC 11/10 Q1026 NOSIG RMK VCFG/NE =,2026-05-09 12:05:00
SKBO,Bogotá / El Dorado,4.70306,-74.13833,09-05-2026 13:05:00,SKBO 091300Z 05007KT 9999 VCFG NSC 13/10 Q1027 NOSIG RMK VCFG/NE =,2026-05-09 13:05:00
SKBO,Bogotá / El Dorado,4.70306,-74.13833,09-05-2026 13:05:00,SKBO 091321Z 05007KT CAVOK 15/10 Q1027 NOSIG =,2026-05-09 13:05:00
SKBO,Bogotá / El Dorado,4.70306,-74.13833,09-05-2026 14:05:00,SKBO 091400Z 05006KT 020V080 CAVOK 16/09 Q1027 NOSIG =,2026-05-09 14:05:00
SKBO,Bogotá / El Dorado,4.70306,-74.13833,09-05-2026 14:05:00,SKBO 091421Z 06009KT 030V090 CAVOK 18/08 Q1027 NOSIG =,2026-05-09 14:05:00
SKBO,Bogotá / El Dorado,4.70306,-74.13833,09-05-2026 15:05:00,SKBO 091500Z 10009KT 050V150 CAVOK 19/04 Q1027 NOSIG =,2026-05-09 15:05:00
SKBO,Bogotá / El Dorado,4.70306,-74.13833,09-05-2026 16:05:00,SKBO 091600Z 11012KT 080V150 CAVOK 20/02 Q1026 NOSIG =,2026-05-09 16:05:00
SKBO,Bogotá / El Dorado,4.70306,-74.13833,09-05-2026 17:05:00,SKBO 091700Z 12011KT 090V160 9999 FEW060 20/07 Q1026 NOSIG =,2026-05-09 17:05:00
SKBO,Bogotá / El Dorado,4.70306,-74.13833,09-05-2026 18:05:00,SKBO 091800Z 12009KT 050V170 9999 SCT060 21/07 Q1025 NOSIG =,2026-05-09 18:05:00
SKBO,Bogotá / El Dorado,4.70306,-74.13833,09-05-2026 19:05:00,SKBO 091900Z 10008KT 060V160 9999 SCT050 21/08 Q1024 NOSIG =,2026-05-09 19:05:00
SKBO,Bogotá / El Dorado,4.70306,-74.13833,09-05-2026 20:05:00,SKBO 092000Z 12009KT 080V150 9999 BKN050 20/07 Q1023 NOSIG =,2026-05-09 20:05:00
SKBO,Bogotá / El Dorado,4.70306,-74.13833,09-05-2026 21:05:00,SKBO 092100Z VRB06KT 9999 BKN050 19/07 Q1023 NOSIG =,2026-05-09 21:05:00
SKBO,Bogotá / El Dorado,4.70306,-74.13833,09-05-2026 22:05:00,SKBO 092200Z VRB04KT 9999 BKN055 19/07 Q1023 NOSIG =,2026-05-09 22:05:00
SKBO,Bogotá / El Dorado,4.70306,-74.13833,09-05-2026 23:05:00,SKBO 092300Z 11006KT 070V140 9999 SCT060 19/07 Q1024 NOSIG =,2026-05-09 23:05:00
SKBO,Bogotá / El Dorado,4.70306,-74.13833,10-05-2026 00:05:00,SKBO 100000Z 14012KT 9999 NSC 15/09 Q1025 NOSIG =,2026-05-10 00:05:00
SKBO,Bogotá / El Dorado,4.70306,-74.13833,10-05-2026 01:05:00,SKBO 100100Z 13007KT 9999 FEW020 15/08 Q1026 NOSIG =,2026-05-10 01:05:00
SKBO,Bogotá / El Dorado,4.70306,-74.13833,10-05-2026 02:05:00,SKBO 100200Z 11006KT 070V140 9999 FEW030 15/09 Q1027 NOSIG =,2026-05-10 02:05:00
SKBO,Bogotá / El Dorado,4.70306,-74.13833,10-05-2026 03:05:00,SKBO 100300Z 11007KT 070V140 9999 FEW040 14/07 Q1027 NOSIG =,2026-05-10 03:05:00
SKBO,Bogotá / El Dorado,4.70306,-74.13833,10-05-2026 04:05:00,SKBO 100400Z 11006KT 070V140 9999 NSC 14/07 Q1027 NOSIG =,2026-05-10 04:05:00
SKBO,Bogotá / El Dorado,4.70306,-74.13833,10-05-2026 05:05:00,SKBO 100500Z VRB02KT 9999 FEW060 10/09 Q1027 NOSIG =,2026-05-10 05:05:00
SKBO,Bogotá / El Dorado,4.70306,-74.13833,10-05-2026 06:05:00,SKBO 100600Z VRB04KT 9999 SCT060 11/09 Q1026 NOSIG =,2026-05-10 06:05:00
SKBO,Bogotá / El Dorado,4.70306,-74.13833,10-05-2026 07:05:00,SKBO 100700Z VRB01KT 9999 SCT070 11/09 Q1026 NOSIG =,2026-05-10 07:05:00
SKBO,Bogotá / El Dorado,4.70306,-74.13833,10-05-2026 08:05:00,SKBO 100800Z 05005KT 9999 BKN070 11/10 Q1025 NOSIG =,2026-05-10 08:05:00
SKBO,Bogotá / El Dorado,4.70306,-74.13833,10-05-2026 09:05:00,SKBO 100900Z 08005KT 050V110 9999 FEW060 11/10 Q1025 NOSIG =,2026-05-10 09:05:00
SKBO,Bogotá / El Dorado,4.70306,-74.13833,10-05-2026 10:05:00,SKBO 101000Z 05003KT 020V080 9999 FEW050 12/10 Q1026 NOSIG =,2026-05-10 10:05:00
SKBO,Bogotá / El Dorado,4.70306,-74.13833,10-05-2026 10:05:00,SKBO 101028Z 07007KT 9999 SCT030 11/10 Q1026 NOSIG =,2026-05-10 10:05:00
SKBO,Bogotá / El Dorado,4.70306,-74.13833,10-05-2026 11:05:00,SKBO 101100Z 07007KT 9999 BKN035 12/10 Q1026 NOSIG =,2026-05-10 11:05:00
SKBO,Bogotá / El Dorado,4.70306,-74.13833,10-05-2026 12:05:00,SKBO 101200Z 06006KT 030V130 9999 BKN025 13/11 Q1027 NOSIG =,2026-05-10 12:05:00
SKBO,Bogotá / El Dorado,4.70306,-74.13833,10-05-2026 12:05:00,SKBO 101230Z 07005KT 040V150 9999 BKN025 15/11 Q1028 NOSIG =,2026-05-10 12:05:00
SKBO,Bogotá / El Dorado,4.70306,-74.13833,10-05-2026 13:05:00,SKBO 101300Z 13006KT 070V200 9999 SCT035 16/10 Q1028 NOSIG =,2026-05-10 13:05:00
SKBO,Bogotá / El Dorado,4.70306,-74.13833,10-05-2026 14:05:00,SKBO 101400Z VRB04KT 9999 SCT045 17/09 Q1028 NOSIG =,2026-05-10 14:05:00
SKBO,Bogotá / El Dorado,4.70306,-74.13833,10-05-2026 15:05:00,SKBO 101500Z 13006KT 080V190 9999 SCT040 19/09 Q1028 NOSIG =,2026-05-10 15:05:00
SKBO,Bogotá / El Dorado,4.70306,-74.13833,10-05-2026 16:05:00,SKBO 101600Z 15009KT 130V190 9999 SCT045 SCT065 19/11 Q1027 NOSIG =,2026-05-10 16:05:00
SKBO,Bogotá / El Dorado,4.70306,-74.13833,10-05-2026 17:05:00,SKBO 101700Z 16010KT 100V190 9999 SCT050 20/10 Q1027 NOSIG =,2026-05-10 17:05:00
SKBO,Bogotá / El Dorado,4.70306,-74.13833,10-05-2026 18:05:00,SKBO 101800Z 14014KT 9999 BKN040 19/10 Q1026 NOSIG =,2026-05-10 18:05:00
SKBO,Bogotá / El Dorado,4.70306,-74.13833,10-05-2026 19:05:00,SKBO 101900Z 15009KT 100V190 9999 BKN040 19/10 Q1025 NOSIG =,2026-05-10 19:05:00
SKBO,Bogotá / El Dorado,4.70306,-74.13833,10-05-2026 20:05:00,SKBO 102000Z 13007KT 080V180 9999 BKN040 19/10 Q1025 NOSIG =,2026-05-10 20:05:00
SKBO,Bogotá / El Dorado,4.70306,-74.13833,10-05-2026 21:05:00,SKBO 102100Z 11005KT 070V180 9999 BKN030 19/10 Q1024 NOSIG =,2026-05-10 21:05:00
SKBO,Bogotá / El Dorado,4.70306,-74.13833,10-05-2026 22:05:00,SKBO 102200Z 10005KT 060V150 9999 BKN030 18/10 Q1025 NOSIG =,2026-05-10 22:05:00
SKBO,Bogotá / El Dorado,4.70306,-74.13833,10-05-2026 23:05:00,SKBO 102300Z 08006KT 030V150 9999 BKN030 17/11 Q1026 NOSIG =,2026-05-10 23:05:00
SKBO,Bogotá / El Dorado,4.70306,-74.13833,11-05-2026 00:05:00,SKBO 110000Z 09003KT 040V130 9999 FEW040 16/11 Q1027 NOSIG =,2026-05-11 00:05:00
SKBO,Bogotá / El Dorado,4.70306,-74.13833,11-05-2026 01:05:00,SKBO 110100Z 07003KT 040V130 9999 FEW010 SCT040 14/11 Q1027 NOSIG =,2026-05-11 01:05:00
SKBO,Bogotá / El Dorado,4.70306,-74.13833,11-05-2026 02:05:00,SKBO 110200Z 04003KT 020V090 9999 FEW015 SCT040 14/11 Q1028 NOSIG =,2026-05-11 02:05:00
SKBO,Bogotá / El Dorado,4.70306,-74.13833,11-05-2026 03:05:00,SKBO 110300Z 05004KT 9999 FEW015 BKN040 14/12 Q1029 NOSIG =,2026-05-11 03:05:00
SKBO,Bogotá / El Dorado,4.70306,-74.13833,11-05-2026 07:05:00,SKBO 110700Z 03003KT 350V070 9999 BKN030 13/12 Q1027 NOSIG =,2026-05-11 07:05:00
SKBO,Bogotá / El Dorado,4.70306,-74.13833,11-05-2026 08:05:00,SKBO 110800Z VRB02KT 9999 BKN030 13/12 Q1026 NOSIG =,2026-05-11 08:05:00
SKBO,Bogotá / El Dorado,4.70306,-74.13833,11-05-2026 09:05:00,SKBO 110900Z 04006KT 9999 BKN035 12/12 Q1026 NOSIG =,2026-05-11 09:05:00
SKBO,Bogotá / El Dorado,4.70306,-74.13833,11-05-2026 10:05:00,SKBO 111000Z 07005KT 9999 BKN035 13/13 Q1027 NOSIG =,2026-05-11 10:05:00
SKBO,Bogotá / El Dorado,4.70306,-74.13833,11-05-2026 10:05:00,SKBO 111030Z 02004KT 9999 BKN030 13/13 Q1027 NOSIG =,2026-05-11 10:05:00
SKBO,Bogotá / El Dorado,4.70306,-74.13833,11-05-2026 11:05:00,SKBO 111100Z 02004KT 9999 FEW015 SCT030 BKN050 13/12 Q1027 NOSIG =,2026-05-11 11:05:00
SKBO,Bogotá / El Dorado,4.70306,-74.13833,11-05-2026 12:05:00,SKBO 111200Z 07005KT 9999 SCT030 BKN070 13/12 Q1028 NOSIG =,2026-05-11 12:05:00
SKBO,Bogotá / El Dorado,4.70306,-74.13833,11-05-2026 12:05:00,SKBO 111235Z 08005KT 030V150 9999 SCT030 OVC070 15/12 Q1028 NOSIG =,2026-05-11 12:05:00
SKBO,Bogotá / El Dorado,4.70306,-74.13833,11-05-2026 13:05:00,SKBO 111300Z 07006KT 030V150 9999 BKN035 OVC070 15/12 Q1028 NOSIG =,2026-05-11 13:05:00
SKBO,Bogotá / El Dorado,4.70306,-74.13833,11-05-2026 14:05:00,SKBO 111400Z 07005KT 030V130 9999 FEW025 SCT050 BKN070 16/12 Q1029 NOSIG =,2026-05-11 14:05:00
SKBO,Bogotá / El Dorado,4.70306,-74.13833,11-05-2026 15:05:00,SKBO 111500Z VRB03KT 9999 -DZ FEW025 OVC035 17/11 Q1029 NOSIG =,2026-05-11 15:05:00
SKBO,Bogotá / El Dorado,4.70306,-74.13833,11-05-2026 16:05:00,SKBO 111600Z 05006KT 010V090 9999 SCT030 OVC050 18/13 Q1028 REDZ NOSIG =,2026-05-11 16:05:00
SKBO,Bogotá / El Dorado,4.70306,-74.13833,11-05-2026 17:05:00,SKBO 111700Z 12006KT 020V180 9999 VCSH BKN030TCU OVC060 19/11 Q1028 NOSIG RMK TCU/ SE VCSH/ SE/ W =,2026-05-11 17:05:00
SKBO,Bogotá / El Dorado,4.70306,-74.13833,11-05-2026 18:05:00,SKBO 111800Z 19005KT 150V220 9999 -RA FEW020TCU BKN030 18/12 Q1027 NOSIG RMK TCUSE =,2026-05-11 18:05:00
SKBO,Bogotá / El Dorado,4.70306,-74.13833,11-05-2026 18:05:00,SKBO 111806Z 09004KT 070V150 8000 RA SCT020TCU BKN030 17/13 Q1027 NOSIG =,2026-05-11 18:05:00
SKBO,Bogotá / El Dorado,4.70306,-74.13833,11-05-2026 19:05:00,SKBO 111900Z 13009KT 9999 VCSH FEW015 BKN030 16/13 Q1026 RERA NOSIG RMK VCSH/N =,2026-05-11 19:05:00
SKBO,Bogotá / El Dorado,4.70306,-74.13833,11-05-2026 19:05:00,SKBO 111915Z 14003KT 050V200 9999 VCSH FEW017 BKN030 18/13 Q1026 NOSIG RMK VCSH/SE =,2026-05-11 19:05:00
SKBO,Bogotá / El Dorado,4.70306,-74.13833,11-05-2026 20:05:00,SKBO 112000Z 15008KT 120V210 9999 -DZ FEW017 BKN030 17/13 Q1026 NOSIG =,2026-05-11 20:05:00
SKBO,Bogotá / El Dorado,4.70306,-74.13833,11-05-2026 20:05:00,SKBO 112030Z 16005KT 9999 SCT030 SCT050 19/13 Q1025 NOSIG =,2026-05-11 20:05:00
SKBO,Bogotá / El Dorado,4.70306,-74.13833,11-05-2026 21:05:00,SKBO 112100Z 10003KT 010V170 9999 SCT030 SCT050 18/12 Q1025 NOSIG =,2026-05-11 21:05:00
SKBO,Bogotá / El Dorado,4.70306,-74.13833,11-05-2026 22:05:00,SKBO 112200Z 05003KT 360V150 9999 BKN030 18/13 Q1025 NOSIG =,2026-05-11 22:05:00
SKBO,Bogotá / El Dorado,4.70306,-74.13833,11-05-2026 23:05:00,SKBO 112300Z 14006KT 9999 VCSH BKN030 17/12 Q1026 TEMPO RA RMK VCSH/NE/E =,2026-05-11 23:05:00
SKBO,Bogotá / El Dorado,4.70306,-74.13833,11-05-2026 23:05:00,SKBO 112321Z VRB03KT 9999 4900N RA FEW015 BKN035 16/12 Q1027 TEMPO RA =,2026-05-11 23:05:00
SKBO,Bogotá / El Dorado,4.70306,-74.13833,12-05-2026 00:05:00,SKBO 120000Z 31003KT 260V360 9999 -SHRA FEW015 BKN035 15/13 Q1028 NOSIG =,2026-05-12 00:05:00
SKBO,Bogotá / El Dorado,4.70306,-74.13833,12-05-2026 01:05:00,SKBO 120100Z 30004KT 250V350 9999 FEW010 SCT025 BKN050 15/13 Q1028 NOSIG =,2026-05-12 01:05:00
SKBO,Bogotá / El Dorado,4.70306,-74.13833,12-05-2026 02:05:00,SKBO 120200Z 04003KT 9999 -DZ FEW015 BKN025 14/14 Q1029 NOSIG =,2026-05-12 02:05:00
SKBO,Bogotá / El Dorado,4.70306,-74.13833,12-05-2026 03:05:00,SKBO 120300Z 09003KT 050V170 9999 FEW010 SCT025 BKN100 14/12 Q1030 REDZ NOSIG =,2026-05-12 03:05:00
SKBO,Bogotá / El Dorado,4.70306,-74.13833,12-05-2026 04:05:00,SKBO 120400Z VRB03KT 9999 FEW020 BKN040 BKN070 13/11 Q1030 NOSIG =,2026-05-12 04:05:00
SKBO,Bogotá / El Dorado,4.70306,-74.13833,12-05-2026 05:05:00,SKBO 120500Z 33003KT 9999 SCT030 BKN045 13/12 Q1030 NOSIG =,2026-05-12 05:05:00
SKBO,Bogotá / El Dorado,4.70306,-74.13833,12-05-2026 06:05:00,SKBO 120600Z 07003KT 030V110 9999 FEW015 BKN035 13/12 Q1029 NOSIG =,2026-05-12 06:05:00
SKBO,Bogotá / El Dorado,4.70306,-74.13833,12-05-2026 07:05:00,SKBO 120700Z VRB04KT 9999 FEW030 BKN070 13/12 Q1028 NOSIG =,2026-05-12 07:05:00
SKBO,Bogotá / El Dorado,4.70306,-74.13833,12-05-2026 08:05:00,SKBO 120800Z VRB02KT 9999 FEW030 BKN070 12/12 Q1027 NOSIG =,2026-05-12 08:05:00
SKBO,Bogotá / El Dorado,4.70306,-74.13833,12-05-2026 09:05:00,SKBO 120900Z 04005KT 9999 FEW030 11/11 Q1027 NOSIG =,2026-05-12 09:05:00
SKBO,Bogotá / El Dorado,4.70306,-74.13833,12-05-2026 10:05:00,SKBO 121000Z VRB05KT 9999 BKN030 11/11 Q1028 NOSIG =,2026-05-12 10:05:00
SKBO,Bogotá / El Dorado,4.70306,-74.13833,12-05-2026 10:05:00,SKBO 121030Z 08006KT 060V130 9999 FEW015 BKN030 12/12 Q1028 NOSIG =,2026-05-12 10:05:00
SKBO,Bogotá / El Dorado,4.70306,-74.13833,12-05-2026 11:05:00,SKBO 121100Z 08005KT 040V120 9999 FEW020 BKN040 12/11 Q1028 NOSIG =,2026-05-12 11:05:00
SKBO,Bogotá / El Dorado,4.70306,-74.13833,12-05-2026 11:05:00,SKBO 121122Z 12007KT 9999 FEW015 SCT030 14/10 Q1029 NOSIG =,2026-05-12 11:05:00
SKBO,Bogotá / El Dorado,4.70306,-74.13833,12-05-2026 12:05:00,SKBO 121200Z 09006KT 020V120 9999 FEW020 SCT040 14/10 Q1029 NOSIG =,2026-05-12 12:05:00
SKBO,Bogotá / El Dorado,4.70306,-74.13833,12-05-2026 13:05:00,SKBO 121300Z 09009KT 020V120 9999 FEW020 SCT040 15/11 Q1030 NOSIG =,2026-05-12 13:05:00
SKBO,Bogotá / El Dorado,4.70306,-74.13833,12-05-2026 14:05:00,SKBO 121400Z 07010KT 040V120 9999 FEW020 SCT050 16/11 Q1030 NOSIG =,2026-05-12 14:05:00
SKBO,Bogotá / El Dorado,4.70306,-74.13833,12-05-2026 15:05:00,SKBO 121500Z 06008KT 020V090 9999 SCT030 BKN100 17/12 Q1030 NOSIG =,2026-05-12 15:05:00
SKBO,Bogotá / El Dorado,4.70306,-74.13833,12-05-2026 16:05:00,SKBO 121600Z 14013KT 080V150 9999 SCT030 BKN045 19/11 Q1029 NOSIG =,2026-05-12 16:05:00
SKBO,Bogotá / El Dorado,4.70306,-74.13833,12-05-2026 17:05:00,SKBO 121700Z 15007KT 120V200 9999 SCT030 BKN050 19/11 Q1029 NOSIG =,2026-05-12 17:05:00
SKBO,Bogotá / El Dorado,4.70306,-74.13833,12-05-2026 18:05:00,SKBO 121800Z 09008KT 060V120 9999 SCT003 BKN050 18/11 Q1028 NOSIG =,2026-05-12 18:05:00
SKBO,Bogotá / El Dorado,4.70306,-74.13833,12-05-2026 19:05:00,SKBO 121900Z VRB05KT 9999 VCSH FEW020 BKN050 19/10 Q1027 NOSIG RMK VCSH/NE/N =,2026-05-12 19:05:00
SKBO,Bogotá / El Dorado,4.70306,-74.13833,12-05-2026 19:05:00,SKBO 121928Z 08003KT 020V120 9999 DZ FEW030 BKN050 19/11 Q1026 TEMPO RA =,2026-05-12 19:05:00
SKBO,Bogotá / El Dorado,4.70306,-74.13833,12-05-2026 20:05:00,SKBO 122000Z VRB05KT 9999 DZ FEW020 BKN040 18/11 Q1026 TEMPO RA =,2026-05-12 20:05:00
SKBO,Bogotá / El Dorado,4.70306,-74.13833,12-05-2026 21:05:00,SKBO 122100Z 31004KT 260V360 9999 VCSH FEW029 OVC050 18/11 Q1026 REDZ TEMPO RA RMK VCSH/SE/N =,2026-05-12 21:05:00
SKBO,Bogotá / El Dorado,4.70306,-74.13833,12-05-2026 21:05:00,SKBO 122105Z 29004KT 230V330 9999 RA FEW014 BKN050 18/13 Q1026 NOSIG =,2026-05-12 21:05:00
SKBO,Bogotá / El Dorado,4.70306,-74.13833,12-05-2026 22:05:00,SKBO 122200Z 31004KT 230V350 9999 RA SCT020 BKN030 15/14 Q1026 NOSIG =,2026-05-12 22:05:00
SKBO,Bogotá / El Dorado,4.70306,-74.13833,12-05-2026 23:05:00,SKBO 122300Z VRB01KT 9999 RA FEW015 BKN025 15/13 Q1027 NOSIG =,2026-05-12 23:05:00
SKBO,Bogotá / El Dorado,4.70306,-74.13833,13-05-2026 00:05:00,SKBO 130000Z 36002KT 9999 FEW012 BKN030 14/14 Q1028 RERA NOSIG =,2026-05-13 00:05:00
SKBO,Bogotá / El Dorado,4.70306,-74.13833,13-05-2026 00:05:00,SKBO 130038Z VRB03KT 9999 DZ FEW012 BKN025 14/14 Q1029 BECMG FM0115 NSW =,2026-05-13 00:05:00
SKBO,Bogotá / El Dorado,4.70306,-74.13833,13-05-2026 01:05:00,SKBO 130100Z 10004KT 070V150 9999 -DZ FEW013 BKN025 14/13 Q1029 BECMG TL0130 NSW =,2026-05-13 01:05:00
SKBO,Bogotá / El Dorado,4.70306,-74.13833,13-05-2026 01:05:00,SKBO 130126Z 04004KT 9999 FEW020 BKN040 14/13 Q1029 REDZ NOSIG =,2026-05-13 01:05:00
SKBO,Bogotá / El Dorado,4.70306,-74.13833,13-05-2026 02:05:00,SKBO 130200Z 04005KT 9999 FEW025 BKN040 13/13 Q1029 NOSIG =,2026-05-13 02:05:00
SKBO,Bogotá / El Dorado,4.70306,-74.13833,13-05-2026 03:05:00,SKBO 130300Z 36003KT 9999 FEW020 BKN030 14/13 Q1030 NOSIG =,2026-05-13 03:05:00
SKBO,Bogotá / El Dorado,4.70306,-74.13833,13-05-2026 04:05:00,SKBO 130400Z 03003KT 340V060 9999 VCSH FEW020 BKN050 13/13 Q1030 NOSIG RMK VCSH/N =,2026-05-13 04:05:00
SKBO,Bogotá / El Dorado,4.70306,-74.13833,13-05-2026 05:05:00,SKBO 130500Z 04003KT 9999 FEW020 SCT050 13/13 Q1030 NOSIG =,2026-05-13 05:05:00
SKBO,Bogotá / El Dorado,4.70306,-74.13833,13-05-2026 06:05:00,SKBO 130600Z 02003KT 9999 FEW020 BKN030 13/13 Q1029 NOSIG =,2026-05-13 06:05:00
SKBO,Bogotá / El Dorado,4.70306,-74.13833,13-05-2026 07:05:00,SKBO 130700Z 04003KT 020V090 9999 FEW015 SCT035 12/12 Q1028 NOSIG =,2026-05-13 07:05:00
SKBO,Bogotá / El Dorado,4.70306,-74.13833,13-05-2026 08:05:00,SKBO 130800Z VRB02KT 9999 SCT030 12/12 Q1028 NOSIG =,2026-05-13 08:05:00
SKBO,Bogotá / El Dorado,4.70306,-74.13833,13-05-2026 09:05:00,SKBO 130900Z 35002KT 9999 FEW012 SCT035 11/11 Q1027 NOSIG =,2026-05-13 09:05:00
SKBO,Bogotá / El Dorado,4.70306,-74.13833,13-05-2026 10:05:00,SKBO 131000Z VRB01KT 9999 FEW025 10/10 Q1027 NOSIG =,2026-05-13 10:05:00
SKBO,Bogotá / El Dorado,4.70306,-74.13833,13-05-2026 11:05:00,SKBO 131100Z 03002KT 9999 MIFG FEW025 09/09 Q1028 NOSIG =,2026-05-13 11:05:00
SKBO,Bogotá / El Dorado,4.70306,-74.13833,13-05-2026 11:05:00,SKBO 131129Z 09003KT 040V120 9999 SCT040 11/11 Q1029 NOSIG =,2026-05-13 11:05:00
SKBO,Bogotá / El Dorado,4.70306,-74.13833,13-05-2026 12:05:00,SKBO 131200Z 33003KT 310V120 9999 FEW040 SCT070 12/11 Q1030 NOSIG =,2026-05-13 12:05:00
SKBO,Bogotá / El Dorado,4.70306,-74.13833,13-05-2026 13:05:00,SKBO 131300Z VRB02KT 9999 FEW040 SCT070 13/12 Q1030 NOSIG =,2026-05-13 13:05:00
SKBO,Bogotá / El Dorado,4.70306,-74.13833,13-05-2026 13:05:00,SKBO 131341Z 05003KT 310V120 9999 BKN050 16/12 Q1030 NOSIG =,2026-05-13 13:05:00
SKBO,Bogotá / El Dorado,4.70306,-74.13833,13-05-2026 14:05:00,SKBO 131400Z 04004KT 320V080 9999 BKN050 16/12 Q1030 NOSIG =,2026-05-13 14:05:00
SKBO,Bogotá / El Dorado,4.70306,-74.13833,13-05-2026 15:05:00,SKBO 131500Z 03004KT 350V080 9999 FEW020 BKN050 17/12 Q1030 NOSIG =,2026-05-13 15:05:00
SKBO,Bogotá / El Dorado,4.70306,-74.13833,13-05-2026 16:05:00,SKBO 131600Z VRB04KT 9999 BKN050 18/12 Q1029 NOSIG =,2026-05-13 16:05:00
SKBO,Bogotá / El Dorado,4.70306,-74.13833,13-05-2026 17:05:00,SKBO 131700Z 16007KT 120V200 9999 SCT030 BKN050 19/11 Q1029 NOSIG =,2026-05-13 17:05:00
SKBO,Bogotá / El Dorado,4.70306,-74.13833,13-05-2026 18:05:00,SKBO 131800Z 20008KT 180V250 9999 VCSH SCT040 BKN060 20/10 Q1028 NOSIG RMK VCSH/W =,2026-05-13 18:05:00
SKBO,Bogotá / El Dorado,4.70306,-74.13833,13-05-2026 19:05:00,SKBO 131900Z 02010KT 310V060 9999 VCSH SCT030TCU SCT060 17/11 Q1027 NOSIG RMK TCUNW VCSH/NE/NW =,2026-05-13 19:05:00
SKBO,Bogotá / El Dorado,4.70306,-74.13833,13-05-2026 20:05:00,SKBO 132000Z 01006KT 9999 -RA SCT020CB BKN040 16/14 Q1026 NOSIG RMK CB/NW =,2026-05-13 20:05:00
SKBO,Bogotá / El Dorado,4.70306,-74.13833,13-05-2026 21:05:00,SKBO 132100Z 30009KT 9999 RA FEW017 BKN030 15/14 Q1026 NOSIG =,2026-05-13 21:05:00
SKBO,Bogotá / El Dorado,4.70306,-74.13833,13-05-2026 22:05:00,SKBO 132200Z 29007KT 250V320 9999 VCSH SCT017 BKN030 15/14 Q1026 RERA NOSIG RMK VCSH/E/NW =,2026-05-13 22:05:00
SKBO,Bogotá / El Dorado,4.70306,-74.13833,13-05-2026 23:05:00,SKBO 132300Z 34005KT 9000 -RA SCT016 BKN030 14/14 Q1027 NOSIG =,2026-05-13 23:05:00
SKBO,Bogotá / El Dorado,4.70306,-74.13833,14-05-2026 00:05:00,SKBO 140000Z 05003KT 020V120 9000 RA SCT012 BKN027 13/13 Q1028 TEMPO DZ=,2026-05-14 00:05:00
SKBO,Bogotá / El Dorado,4.70306,-74.13833,14-05-2026 00:05:00,SKBO 140042Z 03005KT 9999 VCSH SCT012 BKN023 13/13 Q1028 RERA NOSIG =,2026-05-14 00:05:00
SKBO,Bogotá / El Dorado,4.70306,-74.13833,14-05-2026 01:05:00,SKBO 140100Z 03005KT 9999 VCSH SCT012 BKN025 13/13 Q1029 NOSIG RMK VCSH/NW/N =,2026-05-14 01:05:00
SKBO,Bogotá / El Dorado,4.70306,-74.13833,14-05-2026 02:05:00,SKBO 140200Z 05004KT 9999 SCT010 BKN022 13/13 Q1029 NOSIG =,2026-05-14 02:05:00
SKBO,Bogotá / El Dorado,4.70306,-74.13833,14-05-2026 03:05:00,SKBO 140300Z 02003KT 330V070 9999 SCT010 BKN020 13/13 Q1029 NOSIG =,2026-05-14 03:05:00
SKBO,Bogotá / El Dorado,4.70306,-74.13833,14-05-2026 04:05:00,SKBO 140400Z 04004KT 9999 FEW025 SCT030 BKN040 13/13 Q1029 NOSIG =,2026-05-14 04:05:00
SKBO,Bogotá / El Dorado,4.70306,-74.13833,14-05-2026 05:05:00,SKBO 140500Z VRB02KT 9999 FEW015 12/12 Q1029 NOSIG =,2026-05-14 05:05:00
SKBO,Bogotá / El Dorado,4.70306,-74.13833,14-05-2026 06:05:00,SKBO 140600Z VRB01KT 9999 FEW030 12/12 Q1028 NOSIG =,2026-05-14 06:05:00
SKBO,Bogotá / El Dorado,4.70306,-74.13833,14-05-2026 07:05:00,SKBO 140700Z 04003KT 9999 FEW020 SCT080 11/11 Q1027 NOSIG =,2026-05-14 07:05:00
SKBO,Bogotá / El Dorado,4.70306,-74.13833,14-05-2026 08:05:00,SKBO 140800Z 04003KT 020V080 9999 FEW025 11/11 Q1027 NOSIG =,2026-05-14 08:05:00
SKBO,Bogotá / El Dorado,4.70306,-74.13833,14-05-2026 09:05:00,SKBO 140900Z 06004KT 9999 FEW025 11/11 Q1027 NOSIG =,2026-05-14 09:05:00
SKBO,Bogotá / El Dorado,4.70306,-74.13833,14-05-2026 10:05:00,SKBO 141000Z VRB02KT 9999 FEW030 SCT080 11/11 Q1027 NOSIG =,2026-05-14 10:05:00
SKBO,Bogotá / El Dorado,4.70306,-74.13833,14-05-2026 10:05:00,SKBO 141026Z 04003KT 9999 VCFG FEW030 BKN080 11/11 Q1027 NOSIG RMK VCFG/N =,2026-05-14 10:05:00
SKBO,Bogotá / El Dorado,4.70306,-74.13833,14-05-2026 11:05:00,SKBO 141100Z 06004KT 9999 VCFG FEW030 BKN080 11/11 Q1027 TEMPO 6000 BR RMK VCFG/N =,2026-05-14 11:05:00
SKBO,Bogotá / El Dorado,4.70306,-74.13833,14-05-2026 12:05:00,SKBO 141200Z 04004KT 9999 VCFG FEW025 BKN080 12/12 Q1028 NOSIG =,2026-05-14 12:05:00
SKBO,Bogotá / El Dorado,4.70306,-74.13833,14-05-2026 13:05:00,SKBO 141300Z 05006KT 9999 FEW020 BKN080 14/14 Q1029 NOSIG =,2026-05-14 13:05:00
SKBO,Bogotá / El Dorado,4.70306,-74.13833,14-05-2026 14:05:00,SKBO 141400Z 06003KT 030V170 9999 FEW020 BKN050 16/13 Q1029 NOSIG =,2026-05-14 14:05:00
SKBO,Bogotá / El Dorado,4.70306,-74.13833,14-05-2026 14:05:00,SKBO 141436Z 15009KT 120V190 9999 FEW020 SCT050 18/11 Q1029 NOSIG =,2026-05-14 14:05:00
SKBO,Bogotá / El Dorado,4.70306,-74.13833,14-05-2026 15:05:00,SKBO 141500Z 16011KT 130V190 9999 SCT050 18/11 Q1029 NOSIG =,2026-05-14 15:05:00
SKBO,Bogotá / El Dorado,4.70306,-74.13833,14-05-2026 15:05:00,SKBO 141540Z 16010KT 110V200 9999 BKN050 20/11 Q1029 NOSIG =,2026-05-14 15:05:00
SKBO,Bogotá / El Dorado,4.70306,-74.13833,14-05-2026 16:05:00,SKBO 141600Z 17012KT 150V210 9999 SCT050 19/11 Q1029 NOSIG =,2026-05-14 16:05:00
SKBO,Bogotá / El Dorado,4.70306,-74.13833,14-05-2026 17:05:00,SKBO 141700Z 16008KT 120V200 9999 SCT060 20/10 Q1028 NOSIG =,2026-05-14 17:05:00
SKBO,Bogotá / El Dorado,4.70306,-74.13833,14-05-2026 18:05:00,SKBO 141800Z VRB04KT 9999 BKN050 21/09 Q1027 NOSIG =,2026-05-14 18:05:00
SKBO,Bogotá / El Dorado,4.70306,-74.13833,14-05-2026 18:05:00,SKBO 141831Z 14004KT 110V180 9999 BKN050 21/09 Q1026 WS R14R NOSIG =,2026-05-14 18:05:00
SKBO,Bogotá / El Dorado,4.70306,-74.13833,14-05-2026 19:05:00,SKBO 141900Z 01004KT 330V090 9999 VCTS BKN050CB 21/10 Q1026 NOSIG RMK CB VCTS/NW =,2026-05-14 19:05:00
SKBO,Bogotá / El Dorado,4.70306,-74.13833,14-05-2026 19:05:00,SKBO 141918Z VRB03KT 9999 -DZ BKN050TCU 20/10 Q1025 WS R14L TEMPO RA =,2026-05-14 19:05:00
SKBO,Bogotá / El Dorado,4.70306,-74.13833,14-05-2026 19:05:00,SKBO 141924Z VRB04KT 9999 -RA SCT039TCU BKN045 20/10 Q1025 WS R14L NOSIG =,2026-05-14 19:05:00
SKBO,Bogotá / El Dorado,4.70306,-74.13833,14-05-2026 19:05:00,SKBO 141939Z 13008KT 090V160 9999 4900NW SHRA SCT030TCU BKN037 18/12 Q1026 WS R14L =,2026-05-14 19:05:00
SKBO,Bogotá / El Dorado,4.70306,-74.13833,14-05-2026 20:05:00,SKBO 142000Z 13007KT 090V150 9999 4900NW TSRA SCT030CB BKN046 18/11 Q1025 WS R14L NOSIG =,2026-05-14 20:05:00
SKBO,Bogotá / El Dorado,4.70306,-74.13833,14-05-2026 20:05:00,SKBO 142032Z 31010KT 240V340 9999 TSRA SCT043CB BKN049 17/13 Q1026 WS R14L BECMG FM2130 NSW =,2026-05-14 20:05:00
SKBO,Bogotá / El Dorado,4.70306,-74.13833,14-05-2026 21:05:00,SKBO 142100Z 30010KT 260V320 9999 VCTS SCT041CB BKN046 16/13 Q1026 RETSRA BECMG FM2130 NSW RMK CB VCTS/NW =,2026-05-14 21:05:00
SKBO,Bogotá / El Dorado,4.70306,-74.13833,14-05-2026 21:05:00,SKBO 142117Z 31007KT 9999 SCT032 BKN060 16/14 Q1026 NOSIG =,2026-05-14 21:05:00
SKBO,Bogotá / El Dorado,4.70306,-74.13833,14-05-2026 22:05:00,SKBO 142200Z 29005KT 260V330 9999 SCT043 BKN080 16/13 Q1026 NOSIG =,2026-05-14 22:05:00
SKBO,Bogotá / El Dorado,4.70306,-74.13833,14-05-2026 23:05:00,SKBO 142300Z 30003KT 250V050 9999 FEW030 SCT080 16/13 Q1026 NOSIG =,2026-05-14 23:05:00
SKBO,Bogotá / El Dorado,4.70306,-74.13833,15-05-2026 00:05:00,SKBO 150000Z VRB04KT 9999 FEW020 SCT050 15/13 Q1028 NOSIG =,2026-05-15 00:05:00
SKBO,Bogotá / El Dorado,4.70306,-74.13833,15-05-2026 01:05:00,SKBO 150100Z 08004KT 030V150 9999 FEW030 BKN040 16/12 Q1029 NOSIG =,2026-05-15 01:05:00
SKBO,Bogotá / El Dorado,4.70306,-74.13833,15-05-2026 02:05:00,SKBO 150200Z 02004KT 320V070 9999 FEW020 BKN050 14/13 Q1029 NOSIG =,2026-05-15 02:05:00
SKBO,Bogotá / El Dorado,4.70306,-74.13833,15-05-2026 03:05:00,SKBO 150300Z 32003KT 9999 FEW020 BKN040 14/13 Q1030 NOSIG =,2026-05-15 03:05:00
SKBO,Bogotá / El Dorado,4.70306,-74.13833,15-05-2026 04:05:00,SKBO 150400Z 36003KT 9999 FEW030 BKN045 13/13 Q1030 NOSIG =,2026-05-15 04:05:00
SKBO,Bogotá / El Dorado,4.70306,-74.13833,15-05-2026 05:05:00,SKBO 150500Z 06004KT 9999 FEW015 SCT030 13/12 Q1030 NOSIG =,2026-05-15 05:05:00
SKBO,Bogotá / El Dorado,4.70306,-74.13833,15-05-2026 06:05:00,SKBO 150600Z 35003KT 310V040 9999 FEW020 12/12 Q1029 NOSIG =,2026-05-15 06:05:00
SKBO,Bogotá / El Dorado,4.70306,-74.13833,15-05-2026 07:05:00,SKBO 150700Z 04003KT 9999 FEW015 SCT040 11/11 Q1028 NOSIG =,2026-05-15 07:05:00
SKBO,Bogotá / El Dorado,4.70306,-74.13833,15-05-2026 08:05:00,SKBO 150800Z VRB02KT 9999 SCT040 11/11 Q1028 NOSIG =,2026-05-15 08:05:00
SKBO,Bogotá / El Dorado,4.70306,-74.13833,15-05-2026 09:05:00,SKBO 150900Z 05004KT 9999 BKN040 11/11 Q1028 NOSIG =,2026-05-15 09:05:00
SKBO,Bogotá / El Dorado,4.70306,-74.13833,15-05-2026 10:05:00,SKBO 151000Z 05004KT 9999 SCT040 10/10 Q1028 NOSIG =,2026-05-15 10:05:00
SKBO,Bogotá / El Dorado,4.70306,-74.13833,15-05-2026 10:05:00,SKBO 151033Z 36002KT 9999 FEW020 SCT050 11/11 Q1028 NOSIG =,2026-05-15 10:05:00
SKBO,Bogotá / El Dorado,4.70306,-74.13833,15-05-2026 11:05:00,SKBO 151100Z VRB02KT 9999 FEW020 SCT060 11/11 Q1028 NOSIG =,2026-05-15 11:05:00
SKBO,Bogotá / El Dorado,4.70306,-74.13833,15-05-2026 12:05:00,SKBO 151200Z 07005KT 350V110 9999 FEW030 13/12 Q1028 NOSIG =,2026-05-15 12:05:00
SKBO,Bogotá / El Dorado,4.70306,-74.13833,15-05-2026 12:05:00,SKBO 151224Z 08006KT 040V130 9999 FEW030 15/12 Q1029 NOSIG =,2026-05-15 12:05:00
SKBO,Bogotá / El Dorado,4.70306,-74.13833,15-05-2026 13:05:00,SKBO 151300Z 09005KT 010V160 9999 SCT030 16/12 Q1029 NOSIG =,2026-05-15 13:05:00
SKBO,Bogotá / El Dorado,4.70306,-74.13833,15-05-2026 14:05:00,SKBO 151400Z 13010KT 090V150 9999 SCT030 17/10 Q1029 NOSIG =,2026-05-15 14:05:00
SKBO,Bogotá / El Dorado,4.70306,-74.13833,15-05-2026 15:05:00,SKBO 151500Z 14015KT 9999 FEW030 BKN050 18/11 Q1029 NOSIG =,2026-05-15 15:05:00
SKBO,Bogotá / El Dorado,4.70306,-74.13833,15-05-2026 16:05:00,SKBO 151600Z 13011KT 9999 FEW030 BKN050 19/11 Q1029 NOSIG =,2026-05-15 16:05:00
SKBO,Bogotá / El Dorado,4.70306,-74.13833,15-05-2026 17:05:00,SKBO 151700Z 13011KT 080V160 9999 FEW030 BKN050 19/11 Q1029 NOSIG =,2026-05-15 17:05:00
SKBO,Bogotá / El Dorado,4.70306,-74.13833,15-05-2026 18:05:00,SKBO 151800Z 12009KT 050V160 9999 VCSH FEW030 BKN045 20/10 Q1028 NOSIG RMK VCSH/SE =,2026-05-15 18:05:00
SKBO,Bogotá / El Dorado,4.70306,-74.13833,15-05-2026 19:05:00,SKBO 151900Z 14010KT 090V180 9999 VCSH SCT040 BKN060 21/11 Q1027 NOSIG RMK VCSH/E =,2026-05-15 19:05:00
SKBO,Bogotá / El Dorado,4.70306,-74.13833,15-05-2026 20:05:00,SKBO 152000Z 07008KT 050V140 9999 -RA SCT035 BKN045 19/10 Q1026 TEMPO RA =,2026-05-15 20:05:00
SKBO,Bogotá / El Dorado,4.70306,-74.13833,15-05-2026 21:05:00,SKBO 152100Z 12008KT 050V160 9999 SCT045 BKN055 20/09 Q1025 RERA NOSIG =,2026-05-15 21:05:00
SKBO,Bogotá / El Dorado,4.70306,-74.13833,15-05-2026 22:05:00,SKBO 152200Z 14011KT 090V150 9999 SCT030 19/09 Q1025 NOSIG =,2026-05-15 22:05:00
SKBO,Bogotá / El Dorado,4.70306,-74.13833,15-05-2026 23:05:00,SKBO 152300Z 14009KT 9999 SCT040 18/09 Q1026 NOSIG =,2026-05-15 23:05:00
SKBO,Bogotá / El Dorado,4.70306,-74.13833,16-05-2026 00:05:00,SKBO 160000Z 06005KT 040V110 9999 SCT035 16/10 Q1027 NOSIG =,2026-05-16 00:05:00
SKBO,Bogotá / El Dorado,4.70306,-74.13833,16-05-2026 00:05:00,SKBO 160007Z 07006KT 040V170 9999 SCT035 16/10 Q1028 WS R14L NOSIG =,2026-05-16 00:05:00
SKBO,Bogotá / El Dorado,4.70306,-74.13833,16-05-2026 01:05:00,SKBO 160100Z 14007KT 9999 SCT035 15/09 Q1028 NOSIG =,2026-05-16 01:05:00
SKBO,Bogotá / El Dorado,4.70306,-74.13833,16-05-2026 02:05:00,SKBO 160200Z 12003KT 070V160 9999 SCT030 BKN090 16/09 Q1029 NOSIG =,2026-05-16 02:05:00
SKBO,Bogotá / El Dorado,4.70306,-74.13833,16-05-2026 03:05:00,SKBO 160300Z 34003KT 9999 FEW040 13/11 Q1029 NOSIG =,2026-05-16 03:05:00
SKBO,Bogotá / El Dorado,4.70306,-74.13833,16-05-2026 04:05:00,SKBO 160400Z 06005KT 9999 SCT060 12/11 Q1029 NOSIG =,2026-05-16 04:05:00
SKBO,Bogotá / El Dorado,4.70306,-74.13833,16-05-2026 05:05:00,SKBO 160500Z 06003KT 9999 BKN040 13/12 Q1029 WS R14R NOSIG =,2026-05-16 05:05:00
SKBO,Bogotá / El Dorado,4.70306,-74.13833,16-05-2026 06:05:00,SKBO 160600Z 05004KT 9999 OVC032 14/12 Q1029 NOSIG =,2026-05-16 06:05:00
SKBO,Bogotá / El Dorado,4.70306,-74.13833,16-05-2026 07:05:00,SKBO 160700Z 05005KT 9999 BKN035 13/12 Q1028 NOSIG =,2026-05-16 07:05:00
SKBO,Bogotá / El Dorado,4.70306,-74.13833,16-05-2026 08:05:00,SKBO 160800Z 05003KT 9999 BKN030 14/12 Q1027 NOSIG =,2026-05-16 08:05:00
SKBO,Bogotá / El Dorado,4.70306,-74.13833,16-05-2026 09:05:00,SKBO 160900Z 04005KT 9999 SCT027 13/13 Q1027 NOSIG =,2026-05-16 09:05:00
SKBO,Bogotá / El Dorado,4.70306,-74.13833,16-05-2026 10:05:00,SKBO 161000Z 04005KT 020V080 9999 SCT030 12/12 Q1026 NOSIG =,2026-05-16 10:05:00
SKBO,Bogotá / El Dorado,4.70306,-74.13833,16-05-2026 11:05:00,SKBO 161100Z 03006KT 9999 BKN030 13/12 Q1027 NOSIG =,2026-05-16 11:05:00
SKBO,Bogotá / El Dorado,4.70306,-74.13833,16-05-2026 11:05:00,SKBO 161121Z 04005KT 9999 FEW015 BKN040 13/12 Q1028 WS R14R NOSIG =,2026-05-16 11:05:00
SKBO,Bogotá / El Dorado,4.70306,-74.13833,16-05-2026 12:05:00,SKBO 161200Z 05005KT 9999 FEW015 BKN040 14/12 Q1028 NOSIG =,2026-05-16 12:05:00
SKBO,Bogotá / El Dorado,4.70306,-74.13833,16-05-2026 13:05:00,SKBO 161300Z 05006KT 030V090 9999 SCT020 BKN050 15/12 Q1029 NOSIG =,2026-05-16 13:05:00
SKBO,Bogotá / El Dorado,4.70306,-74.13833,16-05-2026 14:05:00,SKBO 161400Z VRB06KT 9999 FEW015 SCT030 BKN050 16/12 Q1029 NOSIG =,2026-05-16 14:05:00
SKBO,Bogotá / El Dorado,4.70306,-74.13833,16-05-2026 15:05:00,SKBO 161500Z 12007KT 100V160 9999 SCT025 BKN060 17/11 Q1029 WS R14R NOSIG =,2026-05-16 15:05:00
SKBO,Bogotá / El Dorado,4.70306,-74.13833,16-05-2026 16:05:00,SKBO 161600Z 07007KT 030V120 9999 FEW020 SCT035 BKN060 17/11 Q1029 NOSIG =,2026-05-16 16:05:00
SKBO,Bogotá / El Dorado,4.70306,-74.13833,16-05-2026 17:05:00,SKBO 161700Z 09006KT 030V150 9999 FEW020 SCT035 BKN060 18/12 Q1029 NOSIG =,2026-05-16 17:05:00
SKBO,Bogotá / El Dorado,4.70306,-74.13833,16-05-2026 17:05:00,SKBO 161741Z 07006KT 010V140 9999 BKN050 20/11 Q1027 NOSIG =,2026-05-16 17:05:00
SKBO,Bogotá / El Dorado,4.70306,-74.13833,16-05-2026 18:05:00,SKBO 161800Z 07007KT 010V150 9999 BKN050 20/10 Q1027 NOSIG =,2026-05-16 18:05:00
SKBO,Bogotá / El Dorado,4.70306,-74.13833,16-05-2026 19:05:00,SKBO 161900Z 09005KT 020V150 9999 BKN050 20/10 Q1026 NOSIG =,2026-05-16 19:05:00
SKBO,Bogotá / El Dorado,4.70306,-74.13833,16-05-2026 20:05:00,SKBO 162000Z 07005KT 020V150 9999 VCSH BKN050 20/09 Q1025 NOSIG RMK VCSH/E =,2026-05-16 20:05:00
SKBO,Bogotá / El Dorado,4.70306,-74.13833,16-05-2026 21:05:00,SKBO 162100Z 11011KT 050V140 9999 VCSH FEW030 BKN050 19/10 Q1025 NOSIG RMK VCSH/E/SE =,2026-05-16 21:05:00
SKBO,Bogotá / El Dorado,4.70306,-74.13833,16-05-2026 22:05:00,SKBO 162200Z 13010KT 080V150 9999 FEW030 SCT070 18/09 Q1025 NOSIG =,2026-05-16 22:05:00
SKBO,Bogotá / El Dorado,4.70306,-74.13833,16-05-2026 23:05:00,SKBO 162300Z 13008KT 080V150 9999 FEW030 SCT050 17/09 Q1026 NOSIG =,2026-05-16 23:05:00
SKBO,Bogotá / El Dorado,4.70306,-74.13833,17-05-2026 00:05:00,SKBO 170000Z 11006KT 060V150 9999 SCT030 BKN060 16/09 Q1027 NOSIG =,2026-05-17 00:05:00
SKBO,Bogotá / El Dorado,4.70306,-74.13833,17-05-2026 01:05:00,SKBO 170100Z 11006KT 080V140 9999 VCSH FEW040 SCT070 15/10 Q1028 TEMPO DZ RMK VCSH/ E =,2026-05-17 01:05:00
SKBO,Bogotá / El Dorado,4.70306,-74.13833,17-05-2026 02:05:00,SKBO 170200Z 11005KT 080V150 9999 DZ FEW030 SCT060 BKN085 15/10 Q1028 NOSIG =,2026-05-17 02:05:00
SKBO,Bogotá / El Dorado,4.70306,-74.13833,17-05-2026 03:05:00,SKBO 170300Z 10003KT 040V170 9999 -RA FEW030 BKN080 14/12 Q1029 NOSIG =,2026-05-17 03:05:00
SKBO,Bogotá / El Dorado,4.70306,-74.13833,17-05-2026 04:05:00,SKBO 170400Z 10004KT 060V140 9999 DZ FEW030 BKN080 14/12 Q1029 NOSIG=,2026-05-17 04:05:00
SKBO,Bogotá / El Dorado,4.70306,-74.13833,17-05-2026 05:05:00,SKBO 170500Z 03008KT 9999 FEW035 BKN080 13/12 Q1028 REDZ NOSIG =,2026-05-17 05:05:00
SKBO,Bogotá / El Dorado,4.70306,-74.13833,17-05-2026 06:05:00,SKBO 170600Z 04005KT 9999 BKN080 12/11 Q1028 NOSIG =,2026-05-17 06:05:00
SKBO,Bogotá / El Dorado,4.70306,-74.13833,17-05-2026 07:05:00,SKBO 170700Z 05005KT 9999 FEW010 SCT080 13/11 Q1028 NOSIG =,2026-05-17 07:05:00
SKBO,Bogotá / El Dorado,4.70306,-74.13833,17-05-2026 08:05:00,SKBO 170800Z 05005KT 9999 FEW010 12/11 Q1027 NOSIG =,2026-05-17 08:05:00
SKBO,Bogotá / El Dorado,4.70306,-74.13833,17-05-2026 09:05:00,SKBO 170900Z 04006KT 9999 FEW030 11/11 Q1027 NOSIG =,2026-05-17 09:05:00
SKBO,Bogotá / El Dorado,4.70306,-74.13833,17-05-2026 10:05:00,SKBO 171000Z 03006KT 9999 FEW010 BKN080 11/11 Q1027 NOSIG =,2026-05-17 10:05:00
SKBO,Bogotá / El Dorado,4.70306,-74.13833,17-05-2026 10:05:00,SKBO 171027Z 06005KT 040V100 9999 BKN035 12/11 Q1027 NOSIG =,2026-05-17 10:05:00
SKBO,Bogotá / El Dorado,4.70306,-74.13833,17-05-2026 11:05:00,SKBO 171100Z 07005KT 9999 SCT025 BKN050 12/11 Q1026 NOSIG =,2026-05-17 11:05:00
SKBO,Bogotá / El Dorado,4.70306,-74.13833,17-05-2026 11:05:00,SKBO 171115Z 07004KT 050V110 9999 BKN030 13/11 Q1026 WS R14R NOSIG =,2026-05-17 11:05:00
SKBO,Bogotá / El Dorado,4.70306,-74.13833,17-05-2026 12:05:00,SKBO 171200Z 04008KT 9999 BKN030 14/12 Q1027 WS R14R NOSIG =,2026-05-17 12:05:00
SKBO,Bogotá / El Dorado,4.70306,-74.13833,17-05-2026 13:05:00,SKBO 171300Z 08004KT 040V120 9999 BKN030 15/12 Q1028 WS R14L NOSIG =,2026-05-17 13:05:00
SKBO,Bogotá / El Dorado,4.70306,-74.13833,17-05-2026 14:05:00,SKBO 171400Z 09006KT 010V160 9999 VCSH FEW018 BKN030 16/11 Q1028 WS R14L NOSIG RMK VCSH/NE/E =,2026-05-17 14:05:00
SKBO,Bogotá / El Dorado,4.70306,-74.13833,17-05-2026 15:05:00,SKBO 171500Z 10007KT 020V150 9999 VCSH SCT020 BKN040 17/11 Q1028 WS R14L NOSIG RMK VCSH/NE =,2026-05-17 15:05:00
SKBO,Bogotá / El Dorado,4.70306,-74.13833,17-05-2026 16:05:00,SKBO 171600Z 11006KT 050V180 9999 VCSH SCT020 BKN040 18/11 Q1028 WS R14R NOSIG RMK VCSH/SE =,2026-05-17 16:05:00
SKBO,Bogotá / El Dorado,4.70306,-74.13833,17-05-2026 17:05:00,SKBO 171700Z 12006KT 050V150 9999 VCSH FEW030 BKN050 17/11 Q1028 WS R14R NOSIG RMK VCSH/E/SE =,2026-05-17 17:05:00
SKBO,Bogotá / El Dorado,4.70306,-74.13833,17-05-2026 17:05:00,SKBO 171731Z 11006KT 060V220 9999 FEW020 SCT035 BKN040 19/12 Q1027 WS R14R NOSIG =,2026-05-17 17:05:00
SKBO,Bogotá / El Dorado,4.70306,-74.13833,17-05-2026 18:05:00,SKBO 171800Z VRB04KT 9999 VCSH SCT020 BKN032 18/11 Q1027 WS R14R TEMPO DZ RMK VCSH NE/E =,2026-05-17 18:05:00
SKBO,Bogotá / El Dorado,4.70306,-74.13833,17-05-2026 18:05:00,SKBO 171825Z 09006KT 030V140 9999 VCSH SCT020TCU BKN040 16/13 Q1027 REDZ TEMPO DZ RMK TCUVCSH/W/NW =,2026-05-17 18:05:00
SKBO,Bogotá / El Dorado,4.70306,-74.13833,17-05-2026 19:05:00,SKBO 171900Z 05010KT 9999 SCT020 BKN050 18/14 Q1026 NOSIG =,2026-05-17 19:05:00
SKBO,Bogotá / El Dorado,4.70306,-74.13833,17-05-2026 19:05:00,SKBO 171913Z 04010KT 9999 SCT030 BKN040 17/14 Q1026 WS R14L NOSIG =,2026-05-17 19:05:00
SKBO,Bogotá / El Dorado,4.70306,-74.13833,17-05-2026 20:05:00,SKBO 172000Z 05006KT 9999 FEW030 BKN055 17/13 Q1025 NOSIG =,2026-05-17 20:05:00
SKBO,Bogotá / El Dorado,4.70306,-74.13833,17-05-2026 20:05:00,SKBO 172014Z 06007KT 020V100 9999 FEW015 SCT030 BKN060 18/12 Q1025 WS R14R NOSIG =,2026-05-17 20:05:00
SKBO,Bogotá / El Dorado,4.70306,-74.13833,17-05-2026 21:05:00,SKBO 172100Z 08005KT 040V160 9999 SCT030 BKN040 19/12 Q1025 NOSIG =,2026-05-17 21:05:00
SKBO,Bogotá / El Dorado,4.70306,-74.13833,17-05-2026 22:05:00,SKBO 172200Z 08005KT 010V160 9999 FEW030 SCT040 OVC070 18/12 Q1025 NOSIG =,2026-05-17 22:05:00
SKBO,Bogotá / El Dorado,4.70306,-74.13833,17-05-2026 23:05:00,SKBO 172300Z VRB06KT 9999 FEW020 SCT040 BKN070 17/12 Q1025 WS R14L NOSIG =,2026-05-17 23:05:00
SKBO,Bogotá / El Dorado,4.70306,-74.13833,17-05-2026 23:05:00,SKBO 172313Z VRB05KT 9999 FEW020 BKN070 17/13 Q1026 WS R14R NOSIG =,2026-05-17 23:05:00
SKBO,Bogotá / El Dorado,4.70306,-74.13833,18-05-2026 00:05:00,SKBO 180000Z 30004KT 230V340 9999 FEW040 15/12 Q1026 WS R14R NOSIG =,2026-05-18 00:05:00
SKBO,Bogotá / El Dorado,4.70306,-74.13833,18-05-2026 01:05:00,SKBO 180100Z 36002KT 9999 FEW030 12/12 Q1026 NOSIG =,2026-05-18 01:05:00
SKBO,Bogotá / El Dorado,4.70306,-74.13833,18-05-2026 02:05:00,SKBO 180200Z VRB02KT 9999 NSC 12/11 Q1027 NOSIG =,2026-05-18 02:05:00
SKBO,Bogotá / El Dorado,4.70306,-74.13833,18-05-2026 03:05:00,SKBO 180300Z 01002KT 9999 NSC 10/10 Q1028 NOSIG =,2026-05-18 03:05:00
SKBO,Bogotá / El Dorado,4.70306,-74.13833,18-05-2026 04:05:00,SKBO 180400Z 04003KT 9999 FEW030 11/11 Q1029 NOSIG =,2026-05-18 04:05:00
SKBO,Bogotá / El Dorado,4.70306,-74.13833,18-05-2026 04:05:00,SKBO 180418Z 08003KT 040V150 9999 FEW060 13/12 Q1029 NOSIG =,2026-05-18 04:05:00
SKBO,Bogotá / El Dorado,4.70306,-74.13833,18-05-2026 05:05:00,SKBO 180500Z VRB02KT 9999 FEW040 12/12 Q1029 NOSIG =,2026-05-18 05:05:00
SKBO,Bogotá / El Dorado,4.70306,-74.13833,18-05-2026 06:05:00,SKBO 180600Z 02004KT 9999 SCT030 12/12 Q1028 NOSIG =,2026-05-18 06:05:00
SKBO,Bogotá / El Dorado,4.70306,-74.13833,18-05-2026 07:05:00,SKBO 180700Z 33003KT 310V020 9999 SCT070 11/11 Q1028 NOSIG =,2026-05-18 07:05:00
SKBO,Bogotá / El Dorado,4.70306,-74.13833,18-05-2026 08:05:00,SKBO 180800Z VRB01KT 9999 BKN080 11/11 Q1027 NOSIG =,2026-05-18 08:05:00
SKBO,Bogotá / El Dorado,4.70306,-74.13833,18-05-2026 09:05:00,SKBO 180900Z 04003KT 9999 SCT080 12/12 Q1027 NOSIG =,2026-05-18 09:05:00
SKBO,Bogotá / El Dorado,4.70306,-74.13833,18-05-2026 10:05:00,SKBO 181000Z 03003KT 9999 FEW040 SCT060 10/10 Q1027 NOSIG =,2026-05-18 10:05:00
SKBO,Bogotá / El Dorado,4.70306,-74.13833,18-05-2026 10:05:00,SKBO 181032Z 05003KT 010V080 9999 VCSH BKN050 11/11 Q1027 NOSIG RMK VCSH/SE =,2026-05-18 10:05:00
SKBO,Bogotá / El Dorado,4.70306,-74.13833,18-05-2026 11:05:00,SKBO 181100Z 03002KT 9999 VCSH FEW033 BKN065 11/11 Q1027 NOSIG RMK VCSH/SE/S =,2026-05-18 11:05:00
SKBO,Bogotá / El Dorado,4.70306,-74.13833,18-05-2026 12:05:00,SKBO 181200Z 07004KT 9999 VCSH FEW015 SCT050 13/12 Q1028 NOSIG RMK VCSH/SE/S =,2026-05-18 12:05:00
SKBO,Bogotá / El Dorado,4.70306,-74.13833,18-05-2026 13:05:00,SKBO 181300Z 07004KT 030V160 9999 FEW040 16/12 Q1029 NOSIG =,2026-05-18 13:05:00
SKBO,Bogotá / El Dorado,4.70306,-74.13833,18-05-2026 14:05:00,SKBO 181400Z 10005KT 030V160 9999 FEW050 18/12 Q1029 NOSIG =,2026-05-18 14:05:00
SKBO,Bogotá / El Dorado,4.70306,-74.13833,18-05-2026 15:05:00,SKBO 181500Z 08005KT 030V170 9999 VCSH FEW030 SCT060 18/12 Q1029 WS R14R NOSIG RMK VCSH/SE =,2026-05-18 15:05:00
SKBO,Bogotá / El Dorado,4.70306,-74.13833,18-05-2026 16:05:00,SKBO 181600Z 13007KT 030V160 9999 -DZ SCT030 BKN045 19/12 Q1029 NOSIG =,2026-05-18 16:05:00
SKBO,Bogotá / El Dorado,4.70306,-74.13833,18-05-2026 17:05:00,SKBO 181700Z 13007KT 080V190 8000 -RA SCT010 BKN040 18/12 Q1028 TEMPO 9999 NSW =,2026-05-18 17:05:00
SKBO,Bogotá / El Dorado,4.70306,-74.13833,18-05-2026 17:05:00,SKBO 181731Z 11007KT 080V180 9999 VCSH FEW010 BKN050 18/13 Q1028 TEMPO DZ RMK VCSH/E/SE =,2026-05-18 17:05:00
SKBO,Bogotá / El Dorado,4.70306,-74.13833,18-05-2026 18:05:00,SKBO 181800Z 18009KT 140V210 9999 VCSH FEW010 SCT050 18/13 Q1027 TEMPO DZ RMK VCSH/SE =,2026-05-18 18:05:00
SKBO,Bogotá / El Dorado,4.70306,-74.13833,18-05-2026 19:05:00,SKBO 181900Z 17010KT 9999 FEW010 SCT045 20/11 Q1026 NOSIG =,2026-05-18 19:05:00
SKBO,Bogotá / El Dorado,4.70306,-74.13833,18-05-2026 19:05:00,SKBO 181926Z 10007KT 040V150 9999 FEW010 SCT040 20/11 Q1026 NOSIG =,2026-05-18 19:05:00
SKBO,Bogotá / El Dorado,4.70306,-74.13833,18-05-2026 20:05:00,SKBO 182000Z 08006KT 030V130 9999 VCSH FEW010 SCT040 19/10 Q1025 NOSIG RMK VCSH/NE/NW =,2026-05-18 20:05:00
SKBO,Bogotá / El Dorado,4.70306,-74.13833,18-05-2026 21:05:00,SKBO 182100Z 06009KT 020V150 9999 FEW030 BKN050 19/11 Q1025 TEMPO DZ=,2026-05-18 21:05:00
SKBO,Bogotá / El Dorado,4.70306,-74.13833,18-05-2026 22:05:00,SKBO 182200Z 10006KT 040V150 9999 FEW030 BKN060 18/11 Q1025 TEMPO DZ=,2026-05-18 22:05:00
SKBO,Bogotá / El Dorado,4.70306,-74.13833,18-05-2026 23:05:00,SKBO 182300Z 10005KT 050V150 9999 FEW015 SCT030 17/10 Q1026 TEMPO RA =,2026-05-18 23:05:00
SKBO,Bogotá / El Dorado,4.70306,-74.13833,19-05-2026 00:05:00,SKBO 190000Z 13007KT 090V150 9999 FEW020 BKN035 16/10 Q1027 NOSIG =,2026-05-19 00:05:00
SKBO,Bogotá / El Dorado,4.70306,-74.13833,19-05-2026 01:05:00,SKBO 190100Z 13006KT 9999 FEW020 BKN060 16/10 Q1028 NOSIG =,2026-05-19 01:05:00
SKBO,Bogotá / El Dorado,4.70306,-74.13833,19-05-2026 02:05:00,SKBO 190200Z VRB03KT 9999 SCT030 BKN040 16/10 Q1029 =,2026-05-19 02:05:00
SKBO,Bogotá / El Dorado,4.70306,-74.13833,19-05-2026 03:05:00,SKBO 190300Z 14005KT 110V200 9999 BKN025 OVC035 16/11 Q1029 NOSIG =,2026-05-19 03:05:00
SKBO,Bogotá / El Dorado,4.70306,-74.13833,19-05-2026 04:05:00,SKBO 190400Z 14008KT 9999 FEW022 SCT030 BKN040 15/10 Q1029 NOSIG =,2026-05-19 04:05:00
SKBO,Bogotá / El Dorado,4.70306,-74.13833,19-05-2026 05:05:00,SKBO 190500Z 14007KT 9999 VCSH FEW010 OVC050 15/11 Q1029 TEMPO DZ RMK VCSH E/SE =,2026-05-19 05:05:00
SKBO,Bogotá / El Dorado,4.70306,-74.13833,19-05-2026 05:05:00,SKBO 190510Z 13005KT 7000 RA FEW018 BKN050 14/12 Q1029 NOSIG =,2026-05-19 05:05:00
SKBO,Bogotá / El Dorado,4.70306,-74.13833,19-05-2026 06:05:00,SKBO 190600Z 10003KT 060V130 7000 RA FEW017 BKN050 13/13 Q1029 NOSIG =,2026-05-19 06:05:00
SKBO,Bogotá / El Dorado,4.70306,-74.13833,19-05-2026 07:05:00,SKBO 190700Z 04004KT 010V070 7000 DZ FEW008 BKN040 12/12 Q1028 RERA NOSIG =,2026-05-19 07:05:00
SKBO,Bogotá / El Dorado,4.70306,-74.13833,19-05-2026 08:05:00,SKBO 190800Z 06007KT 9999 FEW005 BKN060 12/12 Q1028 REDZ NOSIG =,2026-05-19 08:05:00
SKBO,Bogotá / El Dorado,4.70306,-74.13833,19-05-2026 09:05:00,SKBO 190900Z 05005KT 9999 FEW005 OVC060 12/12 Q1028 NOSIG =,2026-05-19 09:05:00
SKBO,Bogotá / El Dorado,4.70306,-74.13833,19-05-2026 10:05:00,SKBO 191000Z 07004KT 030V130 9999 FEW007 SCT060 12/12 Q1028 NOSIG =,2026-05-19 10:05:00
SKBO,Bogotá / El Dorado,4.70306,-74.13833,19-05-2026 10:05:00,SKBO 191033Z 06006KT 9999 FEW008 SCT060 12/12 Q1028 NOSIG =,2026-05-19 10:05:00
SKBO,Bogotá / El Dorado,4.70306,-74.13833,19-05-2026 11:05:00,SKBO 191100Z 05006KT 9999 FEW010 BKN070 12/12 Q1028 NOSIG =,2026-05-19 11:05:00
SKBO,Bogotá / El Dorado,4.70306,-74.13833,19-05-2026 11:05:00,SKBO 191128Z 06006KT 9999 FEW030 BKN080 12/12 Q1029 WS R14L NOSIG =,2026-05-19 11:05:00
SKBO,Bogotá / El Dorado,4.70306,-74.13833,19-05-2026 12:05:00,SKBO 191200Z 05006KT 010V070 9999 FEW035 BKN080 12/12 Q1029 WS R14L NOSIG =,2026-05-19 12:05:00
SKBO,Bogotá / El Dorado,4.70306,-74.13833,19-05-2026 12:05:00,SKBO 191235Z 05007KT 9999 FEW030 BKN080 13/12 Q1029 NOSIG =,2026-05-19 12:05:00
SKBO,Bogotá / El Dorado,4.70306,-74.13833,19-05-2026 13:05:00,SKBO 191300Z 05007KT 9999 FEW030 SCT080 13/12 Q1029 NOSIG =,2026-05-19 13:05:00
SKBO,Bogotá / El Dorado,4.70306,-74.13833,19-05-2026 13:05:00,SKBO 191335Z 05006KT 020V090 9999 SCT030 15/13 Q1030 WS R14L NOSIG =,2026-05-19 13:05:00
SKBO,Bogotá / El Dorado,4.70306,-74.13833,19-05-2026 14:05:00,SKBO 191400Z 06006KT 030V120 9999 SCT030 16/13 Q1030 WS R14L NOSIG =,2026-05-19 14:05:00
SKBO,Bogotá / El Dorado,4.70306,-74.13833,19-05-2026 14:05:00,SKBO 191442Z 21006KT 170V240 9999 FEW023 SCT027 BKN031 17/12 Q1030 NOSIG =,2026-05-19 14:05:00
SKBO,Bogotá / El Dorado,4.70306,-74.13833,19-05-2026 15:05:00,SKBO 191500Z 22005KT 170V260 9999 BKN030 17/11 Q1030 NOSIG =,2026-05-19 15:05:00
SKBO,Bogotá / El Dorado,4.70306,-74.13833,19-05-2026 16:05:00,SKBO 191600Z 12004KT 080V180 9999 BKN030 17/11 Q1029 TEMPO DZ=,2026-05-19 16:05:00
SKBO,Bogotá / El Dorado,4.70306,-74.13833,19-05-2026 16:05:00,SKBO 191628Z 15006KT 070V200 9999 BKN030 19/12 Q1029 NOSIG =,2026-05-19 16:05:00
SKBO,Bogotá / El Dorado,4.70306,-74.13833,19-05-2026 17:05:00,SKBO 191700Z 13006KT 060V200 9999 BKN035 19/12 Q1029 NOSIG =,2026-05-19 17:05:00
SKBO,Bogotá / El Dorado,4.70306,-74.13833,19-05-2026 18:05:00,SKBO 191800Z 16008KT 130V200 9999 FEW035 BKN043 19/11 Q1027 NOSIG =,2026-05-19 18:05:00
SKBO,Bogotá / El Dorado,4.70306,-74.13833,19-05-2026 19:05:00,SKBO 191900Z 17009KT 130V200 9999 SCT035 BKN049 21/11 Q1026 NOSIG =,2026-05-19 19:05:00
SKBO,Bogotá / El Dorado,4.70306,-74.13833,19-05-2026 20:05:00,SKBO 192000Z 16010KT 130V220 9999 SCT040 BKN050 19/10 Q1026 NOSIG =,2026-05-19 20:05:00
SKBO,Bogotá / El Dorado,4.70306,-74.13833,19-05-2026 21:05:00,SKBO 192100Z 14008KT 120V180 9999 SCT040 BKN053 20/10 Q1025 NOSIG =,2026-05-19 21:05:00
